#
# There is insufficient memory for the Java Runtime Environment to continue.
# Native memory allocation (malloc) failed to allocate 530736 bytes. Error detail: Chunk::new
# Possible reasons:
#   The system is out of physical RAM or swap space
#   This process is running with CompressedOops enabled, and the Java Heap may be blocking the growth of the native heap
# Possible solutions:
#   Reduce memory load on the system
#   Increase physical memory or swap space
#   Check if swap backing store is full
#   Decrease Java heap size (-Xmx/-Xms)
#   Decrease number of Java threads
#   Decrease Java thread stack sizes (-Xss)
#   Set larger code cache with -XX:ReservedCodeCacheSize=
#   JVM is running with Zero Based Compressed Oops mode in which the Java heap is
#     placed in the first 32GB address space. The Java Heap base address is the
#     maximum limit for the native heap growth. Please use -XX:HeapBaseMinAddress
#     to set the Java Heap base and to place the Java Heap above 32GB virtual address.
# This output file may be truncated or incomplete.
#
#  Out of Memory Error (arena.cpp:168), pid=6220, tid=39504
#
# JRE version: OpenJDK Runtime Environment Temurin-21.0.6+7 (21.0.6+7) (build 21.0.6+7-LTS)
# Java VM: OpenJDK 64-Bit Server VM Temurin-21.0.6+7 (21.0.6+7-LTS, mixed mode, sharing, tiered, compressed oops, compressed class ptrs, serial gc, windows-amd64)
# Core dump will be written. Default location: C:\Settlement_Engine_BDD\Settlement_Engine_BDD\hs_err_pid6220.mdmp
#

---------------  S U M M A R Y ------------

Command Line: -ea -Dfile.encoding=UTF-8 -Dstdout.encoding=UTF-8 -Dstderr.encoding=UTF-8 -XX:+ShowCodeDetailsInExceptionMessages org.eclipse.jdt.internal.junit.runner.RemoteTestRunner -version 3 -port 58393 -testLoaderClass org.eclipse.jdt.internal.junit4.runner.JUnit4TestLoader -loaderpluginname org.eclipse.jdt.junit4.runtime -classNames StepDefinitions.TestRunner

Host: Intel(R) Xeon(R) Platinum 8370C CPU @ 2.80GHz, 1 cores, 11G,  Windows Server 2016 , 64 bit Build 14393 (10.0.14393.7962)
Time: Tue Apr 15 09:12:59 2025 Coordinated Universal Time elapsed time: 1148.222993 seconds (0d 0h 19m 8s)

---------------  T H R E A D  ---------------

Current thread (0x0000021fa7170ab0):  JavaThread "C2 CompilerThread0" daemon [_thread_in_native, id=39504, stack(0x000000749e300000,0x000000749e400000) (1024K)]


Current CompileTask:
C2:1148223 9339       4       java.lang.Class::resolveName (81 bytes)

Stack: [0x000000749e300000,0x000000749e400000]
Native frames: (J=compiled Java code, j=interpreted, Vv=VM code, C=native code)
V  [jvm.dll+0x6cdee9]
V  [jvm.dll+0x8a83d1]
V  [jvm.dll+0x8aa8fe]
V  [jvm.dll+0x8aafe3]
V  [jvm.dll+0x27f706]
V  [jvm.dll+0xc500d]
V  [jvm.dll+0xc5543]
V  [jvm.dll+0x3b6752]
V  [jvm.dll+0x382935]
V  [jvm.dll+0x381d9a]
V  [jvm.dll+0x2479f0]
V  [jvm.dll+0x246fcf]
V  [jvm.dll+0x1c75ee]
V  [jvm.dll+0x25685a]
V  [jvm.dll+0x254dfa]
V  [jvm.dll+0x3f0256]
V  [jvm.dll+0x851f8b]
V  [jvm.dll+0x6cc5ed]
C  [ucrtbase.dll+0x1fb80]
C  [KERNEL32.DLL+0x84d4]
C  [ntdll.dll+0x51a11]


---------------  P R O C E S S  ---------------

Threads class SMR info:
_java_thread_list=0x0000021fee0fb620, length=252, elements={
0x0000021f91ed8b40, 0x0000021fa7167500, 0x0000021fa7169180, 0x0000021fa716a090,
0x0000021fa716afa0, 0x0000021fa716beb0, 0x0000021fa716cc60, 0x0000021fa7170ab0,
0x0000021fa71e1c60, 0x0000021fa72a4a10, 0x0000021fa72ada10, 0x0000021fa7986cc0,
0x0000021fedfb7ec0, 0x0000021fedfb1cc0, 0x0000021fedfb2320, 0x0000021fee42a170,
0x0000021fee2346f0, 0x0000021fee236130, 0x0000021fa7b23c70, 0x0000021fa7b25020,
0x0000021fa7b1fad0, 0x0000021fa7b24300, 0x0000021fa7b1f440, 0x0000021fa7b20e80,
0x0000021fa7b256b0, 0x0000021fa7b25d40, 0x0000021fa7b24990, 0x0000021fa7b21ba0,
0x0000021fa721a9c0, 0x0000021fa721b050, 0x0000021fa721eb60, 0x0000021fa721f1f0,
0x0000021fa721ca90, 0x0000021fa721de40, 0x0000021fa721bd70, 0x0000021fa721c400,
0x0000021fa72205a0, 0x0000021fa7219610, 0x0000021fee234d80, 0x0000021fee234060,
0x0000021fee2374e0, 0x0000021fa7b20160, 0x0000021fa7b228c0, 0x0000021fa7b207f0,
0x0000021fee235410, 0x0000021fee2d7cb0, 0x0000021fa721b6e0, 0x0000021fa721a330,
0x0000021fa721f880, 0x0000021fa7218f80, 0x0000021fee2d5550, 0x0000021fee2d20d0,
0x0000021fee2d6f90, 0x0000021fee2d2df0, 0x0000021fee2d3480, 0x0000021fee2d89d0,
0x0000021fa7219ca0, 0x0000021fa721d120, 0x0000021fa721d7b0, 0x0000021fa721e4d0,
0x0000021fee2d4ec0, 0x0000021fee2d2760, 0x0000021fee2d4830, 0x0000021fa7b22230,
0x0000021fa7b22f50, 0x0000021fee236e50, 0x0000021fedf43e40, 0x0000021fedf40330,
0x0000021fedf444d0, 0x0000021fedf465a0, 0x0000021fedf41d70, 0x0000021fedf46c30,
0x0000021fedf3fca0, 0x0000021fedf42400, 0x0000021fedf42a90, 0x0000021fee2d41a0,
0x0000021fee8090b0, 0x0000021fee80a460, 0x0000021fee809740, 0x0000021fee80aaf0,
0x0000021fee807670, 0x0000021fee806950, 0x0000021fee8055a0, 0x0000021fee808390,
0x0000021fee8062c0, 0x0000021fee2d5be0, 0x0000021fee808a20, 0x0000021fee806fe0,
0x0000021fee804f10, 0x0000021fee809dd0, 0x0000021fedf416e0, 0x0000021fedf44b60,
0x0000021fedf451f0, 0x0000021fedf45f10, 0x0000021fee2d6270, 0x0000021fee8041f0,
0x0000021fa7a21120, 0x0000021fa7a21e40, 0x0000021fa7a217b0, 0x0000021fa7a224d0,
0x0000021fa7a1f050, 0x0000021fa7a1c8f0, 0x0000021fa7a1cf80, 0x0000021fa7a1d610,
0x0000021fa7a1dca0, 0x0000021fedf409c0, 0x0000021fee807d00, 0x0000021fee805c30,
0x0000021fee803b60, 0x0000021fee80b180, 0x0000021fee2d8340, 0x0000021fa7b21510,
0x0000021fa7a23f10, 0x0000021fa7a1e330, 0x0000021fa7a23880, 0x0000021fee2367c0,
0x0000021fee656b60, 0x0000021fee658c30, 0x0000021fee653d70, 0x0000021fee654a90,
0x0000021fee653050, 0x0000021fee6529c0, 0x0000021fee6536e0, 0x0000021fee654400,
0x0000021fee6557b0, 0x0000021fa7a1e9c0, 0x0000021fee655e40, 0x0000021fee657f10,
0x0000021fee6592c0, 0x0000021fee659950, 0x0000021fee2d1a40, 0x0000021fedf41050,
0x0000021fedf43120, 0x0000021fa7a22b60, 0x0000021fa7a1f6e0, 0x0000021fee6585a0,
0x0000021feec33aa0, 0x0000021feec36890, 0x0000021feec36f20, 0x0000021feec347c0,
0x0000021feec34e50, 0x0000021feec37c40, 0x0000021feec38ff0, 0x0000021feec382d0,
0x0000021feec38960, 0x0000021feec354e0, 0x0000021fee2d7620, 0x0000021fee2d3b10,
0x0000021fee2d9060, 0x0000021fa7b235e0, 0x0000021fedf472c0, 0x0000021fa7a231f0,
0x0000021fa7b1e720, 0x0000021fa7b1edb0, 0x0000021feec39680, 0x0000021fee99a2d0,
0x0000021fee998f20, 0x0000021fee9974e0, 0x0000021fee997b70, 0x0000021fee99aff0,
0x0000021fee995410, 0x0000021fee9967c0, 0x0000021fee9a1260, 0x0000021fee9a18f0,
0x0000021fee9a3330, 0x0000021fee99eb00, 0x0000021fee99e470, 0x0000021feec326f0,
0x0000021feec32d80, 0x0000021feec33410, 0x0000021feec375b0, 0x0000021fee99a960,
0x0000021fee9995b0, 0x0000021fee996e50, 0x0000021fee998890, 0x0000021fee999c40,
0x0000021fee998200, 0x0000021fee9a1f80, 0x0000021fee99b680, 0x0000021fee9a2ca0,
0x0000021fee99f820, 0x0000021fee996130, 0x0000021fa7a1fd70, 0x0000021fa7a20400,
0x0000021fee994d80, 0x0000021fee99bd10, 0x0000021fee652330, 0x0000021fee99c3a0,
0x0000021feec34130, 0x0000021feec35b70, 0x0000021fa7a20a90, 0x0000021fee99dde0,
0x0000021fee693be0, 0x0000021fee6976f0, 0x0000021fee691480, 0x0000021fee693550,
0x0000021fee691b10, 0x0000021fee694f90, 0x0000021fee698aa0, 0x0000021fee6969d0,
0x0000021fee695cb0, 0x0000021fee696340, 0x0000021fee698410, 0x0000021fee6921a0,
0x0000021fee69ab70, 0x0000021fee69b890, 0x0000021fee69dff0, 0x0000021fee692830,
0x0000021fee697060, 0x0000021fee697d80, 0x0000021fee695620, 0x0000021fee69ed10,
0x0000021fee69e680, 0x0000021fee69fa30, 0x0000021fee9946f0, 0x0000021fee99ca30,
0x0000021fee995aa0, 0x0000021fee99d0c0, 0x0000021fee99d750, 0x0000021fee99feb0,
0x0000021fee9a0540, 0x0000021fee994060, 0x0000021fee9a2610, 0x0000021fee9a0bd0,
0x0000021fee6564d0, 0x0000021fee655120, 0x0000021fee692ec0, 0x0000021fee699e50,
0x0000021fee69b200, 0x0000021fee694270, 0x0000021fee69a4e0, 0x0000021fee69bf20,
0x0000021fee69c5b0, 0x0000021fee69cc40, 0x0000021fee6997c0, 0x0000021fee69d960,
0x0000021feec36200, 0x0000021fedf437b0, 0x0000021fee694900, 0x0000021fee6a00c0,
0x0000021fee69d2d0, 0x0000021fee99f190, 0x0000021fee2d6900, 0x0000021fee804880,
0x0000021fee69f3a0, 0x0000021fee699130, 0x0000021fee6a0750, 0x0000021fee235aa0,
0x0000021feec32060, 0x0000021feda8cfa0, 0x0000021feda8d630, 0x0000021feda945c0
}

Java Threads: ( => current thread )
  0x0000021f91ed8b40 JavaThread "Forwarding newSession on session null to remote"        [_thread_in_Java, id=37976, stack(0x000000749da00000,0x000000749db00000) (1024K)]
  0x0000021fa7167500 JavaThread "Reference Handler"          daemon [_thread_blocked, id=28904, stack(0x000000749dd00000,0x000000749de00000) (1024K)]
  0x0000021fa7169180 JavaThread "Finalizer"                  daemon [_thread_blocked, id=9424, stack(0x000000749de00000,0x000000749df00000) (1024K)]
  0x0000021fa716a090 JavaThread "Signal Dispatcher"          daemon [_thread_blocked, id=27728, stack(0x000000749df00000,0x000000749e000000) (1024K)]
  0x0000021fa716afa0 JavaThread "Attach Listener"            daemon [_thread_blocked, id=30120, stack(0x000000749e000000,0x000000749e100000) (1024K)]
  0x0000021fa716beb0 JavaThread "Service Thread"             daemon [_thread_blocked, id=44620, stack(0x000000749e100000,0x000000749e200000) (1024K)]
  0x0000021fa716cc60 JavaThread "Monitor Deflation Thread"   daemon [_thread_blocked, id=13276, stack(0x000000749e200000,0x000000749e300000) (1024K)]
=>0x0000021fa7170ab0 JavaThread "C2 CompilerThread0"         daemon [_thread_in_native, id=39504, stack(0x000000749e300000,0x000000749e400000) (1024K)]
  0x0000021fa71e1c60 JavaThread "C1 CompilerThread0"         daemon [_thread_in_native, id=6512, stack(0x000000749e400000,0x000000749e500000) (1024K)]
  0x0000021fa72a4a10 JavaThread "Notification Thread"        daemon [_thread_blocked, id=23500, stack(0x000000749e500000,0x000000749e600000) (1024K)]
  0x0000021fa72ada10 JavaThread "Common-Cleaner"             daemon [_thread_blocked, id=27176, stack(0x000000749e600000,0x000000749e700000) (1024K)]
  0x0000021fa7986cc0 JavaThread "ReaderThread"                      [_thread_in_native, id=30448, stack(0x000000749e700000,0x000000749e800000) (1024K)]
  0x0000021fedfb7ec0 JavaThread "HttpClient-1-SelectorManager" daemon [_thread_in_native, id=23064, stack(0x000000749e900000,0x000000749ea00000) (1024K)]
  0x0000021fedfb1cc0 JavaThread "External Process Output Forwarder - C:\Users\userdev13\.cache\selenium\chromedriver\win64\135.0.7049.84\chromedriver.exe"        [_thread_in_native, id=48528, stack(0x000000749ea00000,0x000000749eb00000) (1024K)]
  0x0000021fedfb2320 JavaThread "Driver Service Executor"    daemon [_thread_blocked, id=1704, stack(0x000000749eb00000,0x000000749ec00000) (1024K)]
  0x0000021fee42a170 JavaThread "Driver Service Executor"    daemon [_thread_blocked, id=17220, stack(0x000000749ec00000,0x000000749ed00000) (1024K)]
  0x0000021fee2346f0 JavaThread "HttpClient-2-SelectorManager" daemon [_thread_in_native, id=30480, stack(0x000000749f300000,0x000000749f400000) (1024K)]
  0x0000021fee236130 JavaThread "Java2D Disposer"            daemon [_thread_blocked, id=53016, stack(0x000000749ff00000,0x00000074a0000000) (1024K)]
  0x0000021fa7b23c70 JavaThread "AWT-Windows"                daemon [_thread_in_native, id=26104, stack(0x00000074a0100000,0x00000074a0200000) (1024K)]
  0x0000021fa7b25020 JavaThread "HttpClient-3-SelectorManager" daemon [_thread_in_native, id=42884, stack(0x00000074a2200000,0x00000074a2300000) (1024K)]
  0x0000021fa7b1fad0 JavaThread "External Process Output Forwarder - C:\Users\userdev13\.cache\selenium\chromedriver\win64\135.0.7049.84\chromedriver.exe"        [_thread_in_native, id=16608, stack(0x00000074a2300000,0x00000074a2400000) (1024K)]
  0x0000021fa7b24300 JavaThread "Driver Service Executor"    daemon [_thread_blocked, id=25808, stack(0x00000074a2400000,0x00000074a2500000) (1024K)]
  0x0000021fa7b1f440 JavaThread "Driver Service Executor"    daemon [_thread_blocked, id=26648, stack(0x00000074a2500000,0x00000074a2600000) (1024K)]
  0x0000021fa7b20e80 JavaThread "HttpClient-4-SelectorManager" daemon [_thread_in_native, id=38948, stack(0x00000074a2a00000,0x00000074a2b00000) (1024K)]
  0x0000021fa7b256b0 JavaThread "HttpClient-5-SelectorManager" daemon [_thread_in_native, id=47532, stack(0x00000074a4e00000,0x00000074a4f00000) (1024K)]
  0x0000021fa7b25d40 JavaThread "External Process Output Forwarder - C:\Users\userdev13\.cache\selenium\chromedriver\win64\135.0.7049.84\chromedriver.exe"        [_thread_in_native, id=20820, stack(0x00000074a4f00000,0x00000074a5000000) (1024K)]
  0x0000021fa7b24990 JavaThread "Driver Service Executor"    daemon [_thread_blocked, id=11872, stack(0x00000074a5000000,0x00000074a5100000) (1024K)]
  0x0000021fa7b21ba0 JavaThread "Driver Service Executor"    daemon [_thread_blocked, id=18624, stack(0x00000074a5100000,0x00000074a5200000) (1024K)]
  0x0000021fa721a9c0 JavaThread "HttpClient-6-SelectorManager" daemon [_thread_in_native, id=35784, stack(0x00000074a5600000,0x00000074a5700000) (1024K)]
  0x0000021fa721b050 JavaThread "HttpClient-7-SelectorManager" daemon [_thread_in_native, id=6684, stack(0x00000074a8600000,0x00000074a8700000) (1024K)]
  0x0000021fa721eb60 JavaThread "External Process Output Forwarder - C:\Users\userdev13\.cache\selenium\chromedriver\win64\135.0.7049.84\chromedriver.exe"        [_thread_in_native, id=6956, stack(0x00000074a8700000,0x00000074a8800000) (1024K)]
  0x0000021fa721f1f0 JavaThread "Driver Service Executor"    daemon [_thread_blocked, id=52564, stack(0x00000074a8800000,0x00000074a8900000) (1024K)]
  0x0000021fa721ca90 JavaThread "Driver Service Executor"    daemon [_thread_blocked, id=30816, stack(0x00000074a8900000,0x00000074a8a00000) (1024K)]
  0x0000021fa721de40 JavaThread "UrlChecker-3"               daemon [_thread_blocked, id=37144, stack(0x00000074a8a00000,0x00000074a8b00000) (1024K)]
  0x0000021fa721bd70 JavaThread "ForkJoinPool.commonPool-worker-2" daemon [_thread_blocked, id=43072, stack(0x00000074a8f00000,0x00000074a9000000) (1024K)]
  0x0000021fa721c400 JavaThread "HttpClient-8-SelectorManager" daemon [_thread_in_native, id=30932, stack(0x00000074a9000000,0x00000074a9100000) (1024K)]
  0x0000021fa72205a0 JavaThread "HttpClient-9-SelectorManager" daemon [_thread_in_native, id=38764, stack(0x00000074ab300000,0x00000074ab400000) (1024K)]
  0x0000021fa7219610 JavaThread "External Process Output Forwarder - C:\Users\userdev13\.cache\selenium\chromedriver\win64\135.0.7049.84\chromedriver.exe"        [_thread_in_native, id=27564, stack(0x00000074ab400000,0x00000074ab500000) (1024K)]
  0x0000021fee234d80 JavaThread "Driver Service Executor"    daemon [_thread_blocked, id=20108, stack(0x00000074ab500000,0x00000074ab600000) (1024K)]
  0x0000021fee234060 JavaThread "Driver Service Executor"    daemon [_thread_blocked, id=13448, stack(0x00000074ab600000,0x00000074ab700000) (1024K)]
  0x0000021fee2374e0 JavaThread "HttpClient-10-SelectorManager" daemon [_thread_in_native, id=39576, stack(0x00000074abb00000,0x00000074abc00000) (1024K)]
  0x0000021fa7b20160 JavaThread "HttpClient-11-SelectorManager" daemon [_thread_in_native, id=30908, stack(0x00000074ae600000,0x00000074ae700000) (1024K)]
  0x0000021fa7b228c0 JavaThread "External Process Output Forwarder - C:\Users\userdev13\.cache\selenium\chromedriver\win64\135.0.7049.84\chromedriver.exe"        [_thread_in_native, id=21632, stack(0x00000074ae700000,0x00000074ae800000) (1024K)]
  0x0000021fa7b207f0 JavaThread "Driver Service Executor"    daemon [_thread_blocked, id=49148, stack(0x00000074ae800000,0x00000074ae900000) (1024K)]
  0x0000021fee235410 JavaThread "Driver Service Executor"    daemon [_thread_blocked, id=49612, stack(0x00000074ae900000,0x00000074aea00000) (1024K)]
  0x0000021fee2d7cb0 JavaThread "HttpClient-12-SelectorManager" daemon [_thread_in_native, id=34472, stack(0x00000074aee00000,0x00000074aef00000) (1024K)]
  0x0000021fa721b6e0 JavaThread "HttpClient-15-SelectorManager" daemon [_thread_in_native, id=15980, stack(0x00000074b4700000,0x00000074b4800000) (1024K)]
  0x0000021fa721a330 JavaThread "External Process Output Forwarder - C:\Users\userdev13\.cache\selenium\chromedriver\win64\135.0.7049.84\chromedriver.exe"        [_thread_in_native, id=36296, stack(0x00000074b4800000,0x00000074b4900000) (1024K)]
  0x0000021fa721f880 JavaThread "Driver Service Executor"    daemon [_thread_blocked, id=44380, stack(0x00000074b4900000,0x00000074b4a00000) (1024K)]
  0x0000021fa7218f80 JavaThread "Driver Service Executor"    daemon [_thread_blocked, id=23332, stack(0x00000074b4a00000,0x00000074b4b00000) (1024K)]
  0x0000021fee2d5550 JavaThread "HttpClient-16-SelectorManager" daemon [_thread_in_native, id=49032, stack(0x00000074b4e00000,0x00000074b4f00000) (1024K)]
  0x0000021fee2d20d0 JavaThread "HttpClient-17-SelectorManager" daemon [_thread_in_native, id=31016, stack(0x00000074b6d00000,0x00000074b6e00000) (1024K)]
  0x0000021fee2d6f90 JavaThread "External Process Output Forwarder - C:\Users\userdev13\.cache\selenium\chromedriver\win64\135.0.7049.84\chromedriver.exe"        [_thread_in_native, id=49768, stack(0x00000074b6e00000,0x00000074b6f00000) (1024K)]
  0x0000021fee2d2df0 JavaThread "Driver Service Executor"    daemon [_thread_blocked, id=47920, stack(0x00000074b6f00000,0x00000074b7000000) (1024K)]
  0x0000021fee2d3480 JavaThread "Driver Service Executor"    daemon [_thread_blocked, id=19180, stack(0x00000074b7000000,0x00000074b7100000) (1024K)]
  0x0000021fee2d89d0 JavaThread "HttpClient-18-SelectorManager" daemon [_thread_in_native, id=47292, stack(0x00000074b7500000,0x00000074b7600000) (1024K)]
  0x0000021fa7219ca0 JavaThread "HttpClient-21-SelectorManager" daemon [_thread_in_native, id=21860, stack(0x00000074bd300000,0x00000074bd400000) (1024K)]
  0x0000021fa721d120 JavaThread "External Process Output Forwarder - C:\Users\userdev13\.cache\selenium\chromedriver\win64\135.0.7049.84\chromedriver.exe"        [_thread_in_native, id=31888, stack(0x00000074bd400000,0x00000074bd500000) (1024K)]
  0x0000021fa721d7b0 JavaThread "Driver Service Executor"    daemon [_thread_blocked, id=3284, stack(0x00000074bd500000,0x00000074bd600000) (1024K)]
  0x0000021fa721e4d0 JavaThread "Driver Service Executor"    daemon [_thread_blocked, id=51028, stack(0x00000074bd600000,0x00000074bd700000) (1024K)]
  0x0000021fee2d4ec0 JavaThread "HttpClient-22-SelectorManager" daemon [_thread_in_native, id=11312, stack(0x00000074bdb00000,0x00000074bdc00000) (1024K)]
  0x0000021fee2d2760 JavaThread "HttpClient-23-SelectorManager" daemon [_thread_in_native, id=9396, stack(0x00000074c0b00000,0x00000074c0c00000) (1024K)]
  0x0000021fee2d4830 JavaThread "External Process Output Forwarder - C:\Users\userdev13\.cache\selenium\chromedriver\win64\135.0.7049.84\chromedriver.exe"        [_thread_in_native, id=3036, stack(0x00000074c0c00000,0x00000074c0d00000) (1024K)]
  0x0000021fa7b22230 JavaThread "Driver Service Executor"    daemon [_thread_blocked, id=23812, stack(0x00000074c0d00000,0x00000074c0e00000) (1024K)]
  0x0000021fa7b22f50 JavaThread "Driver Service Executor"    daemon [_thread_blocked, id=11880, stack(0x00000074c0e00000,0x00000074c0f00000) (1024K)]
  0x0000021fee236e50 JavaThread "HttpClient-24-SelectorManager" daemon [_thread_in_native, id=35192, stack(0x00000074c1300000,0x00000074c1400000) (1024K)]
  0x0000021fedf43e40 JavaThread "HttpClient-25-SelectorManager" daemon [_thread_in_native, id=41972, stack(0x00000074c3800000,0x00000074c3900000) (1024K)]
  0x0000021fedf40330 JavaThread "External Process Output Forwarder - C:\Users\userdev13\.cache\selenium\chromedriver\win64\135.0.7049.84\chromedriver.exe"        [_thread_in_native, id=45368, stack(0x00000074c3900000,0x00000074c3a00000) (1024K)]
  0x0000021fedf444d0 JavaThread "Driver Service Executor"    daemon [_thread_blocked, id=22920, stack(0x00000074c3a00000,0x00000074c3b00000) (1024K)]
  0x0000021fedf465a0 JavaThread "Driver Service Executor"    daemon [_thread_blocked, id=23544, stack(0x00000074c3b00000,0x00000074c3c00000) (1024K)]
  0x0000021fedf41d70 JavaThread "HttpClient-26-SelectorManager" daemon [_thread_in_native, id=50548, stack(0x00000074c4000000,0x00000074c4100000) (1024K)]
  0x0000021fedf46c30 JavaThread "HttpClient-27-SelectorManager" daemon [_thread_in_native, id=48848, stack(0x00000074c7300000,0x00000074c7400000) (1024K)]
  0x0000021fedf3fca0 JavaThread "External Process Output Forwarder - C:\Users\userdev13\.cache\selenium\chromedriver\win64\135.0.7049.84\chromedriver.exe"        [_thread_in_native, id=53712, stack(0x00000074c7400000,0x00000074c7500000) (1024K)]
  0x0000021fedf42400 JavaThread "Driver Service Executor"    daemon [_thread_blocked, id=19564, stack(0x00000074c7500000,0x00000074c7600000) (1024K)]
  0x0000021fedf42a90 JavaThread "Driver Service Executor"    daemon [_thread_blocked, id=18620, stack(0x00000074c7600000,0x00000074c7700000) (1024K)]
  0x0000021fee2d41a0 JavaThread "HttpClient-28-SelectorManager" daemon [_thread_in_native, id=30548, stack(0x00000074c7b00000,0x00000074c7c00000) (1024K)]
  0x0000021fee8090b0 JavaThread "HttpClient-29-SelectorManager" daemon [_thread_in_native, id=15168, stack(0x00000074c9e00000,0x00000074c9f00000) (1024K)]
  0x0000021fee80a460 JavaThread "External Process Output Forwarder - C:\Users\userdev13\.cache\selenium\chromedriver\win64\135.0.7049.84\chromedriver.exe"        [_thread_in_native, id=21056, stack(0x00000074c9f00000,0x00000074ca000000) (1024K)]
  0x0000021fee809740 JavaThread "Driver Service Executor"    daemon [_thread_blocked, id=31640, stack(0x00000074ca000000,0x00000074ca100000) (1024K)]
  0x0000021fee80aaf0 JavaThread "Driver Service Executor"    daemon [_thread_blocked, id=28564, stack(0x00000074ca100000,0x00000074ca200000) (1024K)]
  0x0000021fee807670 JavaThread "HttpClient-30-SelectorManager" daemon [_thread_in_native, id=41456, stack(0x00000074ca600000,0x00000074ca700000) (1024K)]
  0x0000021fee806950 JavaThread "HttpClient-31-SelectorManager" daemon [_thread_in_native, id=31756, stack(0x00000074cd100000,0x00000074cd200000) (1024K)]
  0x0000021fee8055a0 JavaThread "External Process Output Forwarder - C:\Users\userdev13\.cache\selenium\chromedriver\win64\135.0.7049.84\chromedriver.exe"        [_thread_in_native, id=24500, stack(0x00000074cd200000,0x00000074cd300000) (1024K)]
  0x0000021fee808390 JavaThread "Driver Service Executor"    daemon [_thread_blocked, id=43424, stack(0x00000074cd300000,0x00000074cd400000) (1024K)]
  0x0000021fee8062c0 JavaThread "Driver Service Executor"    daemon [_thread_blocked, id=53332, stack(0x00000074cd400000,0x00000074cd500000) (1024K)]
  0x0000021fee2d5be0 JavaThread "HttpClient-32-SelectorManager" daemon [_thread_in_native, id=5832, stack(0x00000074cd900000,0x00000074cda00000) (1024K)]
  0x0000021fee808a20 JavaThread "HttpClient-35-SelectorManager" daemon [_thread_in_native, id=40728, stack(0x00000074d3200000,0x00000074d3300000) (1024K)]
  0x0000021fee806fe0 JavaThread "External Process Output Forwarder - C:\Users\userdev13\.cache\selenium\chromedriver\win64\135.0.7049.84\chromedriver.exe"        [_thread_in_native, id=47368, stack(0x00000074d3300000,0x00000074d3400000) (1024K)]
  0x0000021fee804f10 JavaThread "Driver Service Executor"    daemon [_thread_blocked, id=27832, stack(0x00000074d3400000,0x00000074d3500000) (1024K)]
  0x0000021fee809dd0 JavaThread "Driver Service Executor"    daemon [_thread_blocked, id=29312, stack(0x00000074d3500000,0x00000074d3600000) (1024K)]
  0x0000021fedf416e0 JavaThread "HttpClient-36-SelectorManager" daemon [_thread_in_native, id=30008, stack(0x00000074d3900000,0x00000074d3a00000) (1024K)]
  0x0000021fedf44b60 JavaThread "HttpClient-37-SelectorManager" daemon [_thread_in_native, id=38196, stack(0x00000074d5800000,0x00000074d5900000) (1024K)]
  0x0000021fedf451f0 JavaThread "External Process Output Forwarder - C:\Users\userdev13\.cache\selenium\chromedriver\win64\135.0.7049.84\chromedriver.exe"        [_thread_in_native, id=24900, stack(0x00000074d5900000,0x00000074d5a00000) (1024K)]
  0x0000021fedf45f10 JavaThread "Driver Service Executor"    daemon [_thread_blocked, id=19984, stack(0x00000074d5a00000,0x00000074d5b00000) (1024K)]
  0x0000021fee2d6270 JavaThread "Driver Service Executor"    daemon [_thread_blocked, id=37036, stack(0x00000074d5b00000,0x00000074d5c00000) (1024K)]
  0x0000021fee8041f0 JavaThread "HttpClient-38-SelectorManager" daemon [_thread_in_native, id=16388, stack(0x00000074d6000000,0x00000074d6100000) (1024K)]
  0x0000021fa7a21120 JavaThread "HttpClient-41-SelectorManager" daemon [_thread_in_native, id=2648, stack(0x00000074dc500000,0x00000074dc600000) (1024K)]
  0x0000021fa7a21e40 JavaThread "External Process Output Forwarder - C:\Users\userdev13\.cache\selenium\chromedriver\win64\135.0.7049.84\chromedriver.exe"        [_thread_in_native, id=12936, stack(0x00000074dc600000,0x00000074dc700000) (1024K)]
  0x0000021fa7a217b0 JavaThread "Driver Service Executor"    daemon [_thread_blocked, id=22904, stack(0x00000074dc700000,0x00000074dc800000) (1024K)]
  0x0000021fa7a224d0 JavaThread "Driver Service Executor"    daemon [_thread_blocked, id=48752, stack(0x00000074dc800000,0x00000074dc900000) (1024K)]
  0x0000021fa7a1f050 JavaThread "HttpClient-42-SelectorManager" daemon [_thread_in_native, id=39356, stack(0x00000074dcc00000,0x00000074dcd00000) (1024K)]
  0x0000021fa7a1c8f0 JavaThread "HttpClient-43-SelectorManager" daemon [_thread_in_native, id=51072, stack(0x00000074df800000,0x00000074df900000) (1024K)]
  0x0000021fa7a1cf80 JavaThread "External Process Output Forwarder - C:\Users\userdev13\.cache\selenium\chromedriver\win64\135.0.7049.84\chromedriver.exe"        [_thread_in_native, id=14324, stack(0x00000074df900000,0x00000074dfa00000) (1024K)]
  0x0000021fa7a1d610 JavaThread "Driver Service Executor"    daemon [_thread_blocked, id=10524, stack(0x00000074dfa00000,0x00000074dfb00000) (1024K)]
  0x0000021fa7a1dca0 JavaThread "Driver Service Executor"    daemon [_thread_blocked, id=42516, stack(0x00000074dfb00000,0x00000074dfc00000) (1024K)]
  0x0000021fedf409c0 JavaThread "HttpClient-44-SelectorManager" daemon [_thread_in_native, id=23488, stack(0x00000074e0000000,0x00000074e0100000) (1024K)]
  0x0000021fee807d00 JavaThread "HttpClient-45-SelectorManager" daemon [_thread_in_native, id=24760, stack(0x00000074e2900000,0x00000074e2a00000) (1024K)]
  0x0000021fee805c30 JavaThread "External Process Output Forwarder - C:\Users\userdev13\.cache\selenium\chromedriver\win64\135.0.7049.84\chromedriver.exe"        [_thread_in_native, id=31136, stack(0x00000074e2a00000,0x00000074e2b00000) (1024K)]
  0x0000021fee803b60 JavaThread "Driver Service Executor"    daemon [_thread_blocked, id=20172, stack(0x00000074e2b00000,0x00000074e2c00000) (1024K)]
  0x0000021fee80b180 JavaThread "Driver Service Executor"    daemon [_thread_blocked, id=20088, stack(0x00000074e2c00000,0x00000074e2d00000) (1024K)]
  0x0000021fee2d8340 JavaThread "HttpClient-46-SelectorManager" daemon [_thread_in_native, id=33700, stack(0x00000074e3200000,0x00000074e3300000) (1024K)]
  0x0000021fa7b21510 JavaThread "HttpClient-47-SelectorManager" daemon [_thread_in_native, id=8412, stack(0x00000074e5e00000,0x00000074e5f00000) (1024K)]
  0x0000021fa7a23f10 JavaThread "External Process Output Forwarder - C:\Users\userdev13\.cache\selenium\chromedriver\win64\135.0.7049.84\chromedriver.exe"        [_thread_in_native, id=12020, stack(0x00000074e5f00000,0x00000074e6000000) (1024K)]
  0x0000021fa7a1e330 JavaThread "Driver Service Executor"    daemon [_thread_blocked, id=51124, stack(0x00000074e6000000,0x00000074e6100000) (1024K)]
  0x0000021fa7a23880 JavaThread "Driver Service Executor"    daemon [_thread_blocked, id=37240, stack(0x00000074e6100000,0x00000074e6200000) (1024K)]
  0x0000021fee2367c0 JavaThread "HttpClient-48-SelectorManager" daemon [_thread_in_native, id=45452, stack(0x00000074e6600000,0x00000074e6700000) (1024K)]
  0x0000021fee656b60 JavaThread "HttpClient-49-SelectorManager" daemon [_thread_in_native, id=39540, stack(0x00000074e8900000,0x00000074e8a00000) (1024K)]
  0x0000021fee658c30 JavaThread "External Process Output Forwarder - C:\Users\userdev13\.cache\selenium\chromedriver\win64\135.0.7049.84\chromedriver.exe"        [_thread_in_native, id=16164, stack(0x00000074e8a00000,0x00000074e8b00000) (1024K)]
  0x0000021fee653d70 JavaThread "Driver Service Executor"    daemon [_thread_blocked, id=32860, stack(0x00000074e8b00000,0x00000074e8c00000) (1024K)]
  0x0000021fee654a90 JavaThread "Driver Service Executor"    daemon [_thread_blocked, id=50716, stack(0x00000074e8c00000,0x00000074e8d00000) (1024K)]
  0x0000021fee653050 JavaThread "HttpClient-50-SelectorManager" daemon [_thread_in_native, id=37264, stack(0x00000074e9100000,0x00000074e9200000) (1024K)]
  0x0000021fee6529c0 JavaThread "HttpClient-51-SelectorManager" daemon [_thread_in_native, id=51628, stack(0x00000074ebd00000,0x00000074ebe00000) (1024K)]
  0x0000021fee6536e0 JavaThread "External Process Output Forwarder - C:\Users\userdev13\.cache\selenium\chromedriver\win64\135.0.7049.84\chromedriver.exe"        [_thread_in_native, id=45748, stack(0x00000074ebe00000,0x00000074ebf00000) (1024K)]
  0x0000021fee654400 JavaThread "Driver Service Executor"    daemon [_thread_blocked, id=36816, stack(0x00000074ebf00000,0x00000074ec000000) (1024K)]
  0x0000021fee6557b0 JavaThread "Driver Service Executor"    daemon [_thread_blocked, id=11736, stack(0x00000074ec000000,0x00000074ec100000) (1024K)]
  0x0000021fa7a1e9c0 JavaThread "HttpClient-52-SelectorManager" daemon [_thread_in_native, id=41208, stack(0x00000074ec500000,0x00000074ec600000) (1024K)]
  0x0000021fee655e40 JavaThread "HttpClient-55-SelectorManager" daemon [_thread_in_native, id=53748, stack(0x00000074f1e00000,0x00000074f1f00000) (1024K)]
  0x0000021fee657f10 JavaThread "External Process Output Forwarder - C:\Users\userdev13\.cache\selenium\chromedriver\win64\135.0.7049.84\chromedriver.exe"        [_thread_in_native, id=40700, stack(0x00000074f1f00000,0x00000074f2000000) (1024K)]
  0x0000021fee6592c0 JavaThread "Driver Service Executor"    daemon [_thread_blocked, id=6484, stack(0x00000074f2000000,0x00000074f2100000) (1024K)]
  0x0000021fee659950 JavaThread "Driver Service Executor"    daemon [_thread_blocked, id=45820, stack(0x00000074f2100000,0x00000074f2200000) (1024K)]
  0x0000021fee2d1a40 JavaThread "HttpClient-56-SelectorManager" daemon [_thread_in_native, id=14580, stack(0x00000074f2500000,0x00000074f2600000) (1024K)]
  0x0000021fedf41050 JavaThread "HttpClient-57-SelectorManager" daemon [_thread_in_native, id=43712, stack(0x00000074f4400000,0x00000074f4500000) (1024K)]
  0x0000021fedf43120 JavaThread "External Process Output Forwarder - C:\Users\userdev13\.cache\selenium\chromedriver\win64\135.0.7049.84\chromedriver.exe"        [_thread_in_native, id=16100, stack(0x00000074f4500000,0x00000074f4600000) (1024K)]
  0x0000021fa7a22b60 JavaThread "Driver Service Executor"    daemon [_thread_blocked, id=51444, stack(0x00000074f4600000,0x00000074f4700000) (1024K)]
  0x0000021fa7a1f6e0 JavaThread "Driver Service Executor"    daemon [_thread_blocked, id=20364, stack(0x00000074f4700000,0x00000074f4800000) (1024K)]
  0x0000021fee6585a0 JavaThread "HttpClient-58-SelectorManager" daemon [_thread_in_native, id=37668, stack(0x00000074f4c00000,0x00000074f4d00000) (1024K)]
  0x0000021feec33aa0 JavaThread "HttpClient-61-SelectorManager" daemon [_thread_in_native, id=27600, stack(0x00000074fb100000,0x00000074fb200000) (1024K)]
  0x0000021feec36890 JavaThread "External Process Output Forwarder - C:\Users\userdev13\.cache\selenium\chromedriver\win64\135.0.7049.84\chromedriver.exe"        [_thread_in_native, id=24892, stack(0x00000074fb200000,0x00000074fb300000) (1024K)]
  0x0000021feec36f20 JavaThread "Driver Service Executor"    daemon [_thread_blocked, id=21104, stack(0x00000074fb300000,0x00000074fb400000) (1024K)]
  0x0000021feec347c0 JavaThread "Driver Service Executor"    daemon [_thread_blocked, id=37436, stack(0x00000074fb400000,0x00000074fb500000) (1024K)]
  0x0000021feec34e50 JavaThread "HttpClient-62-SelectorManager" daemon [_thread_in_native, id=49912, stack(0x00000074fb800000,0x00000074fb900000) (1024K)]
  0x0000021feec37c40 JavaThread "HttpClient-63-SelectorManager" daemon [_thread_in_native, id=17788, stack(0x00000074ffd00000,0x00000074ffe00000) (1024K)]
  0x0000021feec38ff0 JavaThread "External Process Output Forwarder - C:\Users\userdev13\.cache\selenium\chromedriver\win64\135.0.7049.84\chromedriver.exe"        [_thread_in_native, id=45476, stack(0x00000074ffe00000,0x00000074fff00000) (1024K)]
  0x0000021feec382d0 JavaThread "Driver Service Executor"    daemon [_thread_blocked, id=38972, stack(0x00000074fff00000,0x0000007500000000) (1024K)]
  0x0000021feec38960 JavaThread "Driver Service Executor"    daemon [_thread_blocked, id=30184, stack(0x0000007480000000,0x0000007480100000) (1024K)]
  0x0000021feec354e0 JavaThread "HttpClient-64-SelectorManager" daemon [_thread_in_native, id=8352, stack(0x0000007480500000,0x0000007480600000) (1024K)]
  0x0000021fee2d7620 JavaThread "HttpClient-65-SelectorManager" daemon [_thread_in_native, id=22288, stack(0x0000007482d00000,0x0000007482e00000) (1024K)]
  0x0000021fee2d3b10 JavaThread "External Process Output Forwarder - C:\Users\userdev13\.cache\selenium\chromedriver\win64\135.0.7049.84\chromedriver.exe"        [_thread_in_native, id=35276, stack(0x0000007482e00000,0x0000007482f00000) (1024K)]
  0x0000021fee2d9060 JavaThread "Driver Service Executor"    daemon [_thread_blocked, id=27300, stack(0x0000007482f00000,0x0000007483000000) (1024K)]
  0x0000021fa7b235e0 JavaThread "Driver Service Executor"    daemon [_thread_blocked, id=4956, stack(0x0000007483000000,0x0000007483100000) (1024K)]
  0x0000021fedf472c0 JavaThread "HttpClient-66-SelectorManager" daemon [_thread_in_native, id=11180, stack(0x0000007483500000,0x0000007483600000) (1024K)]
  0x0000021fa7a231f0 JavaThread "HttpClient-67-SelectorManager" daemon [_thread_in_native, id=29356, stack(0x0000007488900000,0x0000007488a00000) (1024K)]
  0x0000021fa7b1e720 JavaThread "External Process Output Forwarder - C:\Users\userdev13\.cache\selenium\chromedriver\win64\135.0.7049.84\chromedriver.exe"        [_thread_in_native, id=42196, stack(0x0000007488a00000,0x0000007488b00000) (1024K)]
  0x0000021fa7b1edb0 JavaThread "Driver Service Executor"    daemon [_thread_blocked, id=51440, stack(0x0000007488b00000,0x0000007488c00000) (1024K)]
  0x0000021feec39680 JavaThread "Driver Service Executor"    daemon [_thread_blocked, id=19008, stack(0x0000007488c00000,0x0000007488d00000) (1024K)]
  0x0000021fee99a2d0 JavaThread "HttpClient-68-SelectorManager" daemon [_thread_in_native, id=20596, stack(0x0000007489100000,0x0000007489200000) (1024K)]
  0x0000021fee998f20 JavaThread "HttpClient-69-SelectorManager" daemon [_thread_in_native, id=54172, stack(0x000000748b500000,0x000000748b600000) (1024K)]
  0x0000021fee9974e0 JavaThread "External Process Output Forwarder - C:\Users\userdev13\.cache\selenium\chromedriver\win64\135.0.7049.84\chromedriver.exe"        [_thread_in_native, id=45152, stack(0x000000748b600000,0x000000748b700000) (1024K)]
  0x0000021fee997b70 JavaThread "Driver Service Executor"    daemon [_thread_blocked, id=31844, stack(0x000000748b700000,0x000000748b800000) (1024K)]
  0x0000021fee99aff0 JavaThread "Driver Service Executor"    daemon [_thread_blocked, id=34024, stack(0x000000748b800000,0x000000748b900000) (1024K)]
  0x0000021fee995410 JavaThread "HttpClient-70-SelectorManager" daemon [_thread_in_native, id=10204, stack(0x000000748bd00000,0x000000748be00000) (1024K)]
  0x0000021fee9967c0 JavaThread "HttpClient-71-SelectorManager" daemon [_thread_in_native, id=26544, stack(0x000000748e900000,0x000000748ea00000) (1024K)]
  0x0000021fee9a1260 JavaThread "External Process Output Forwarder - C:\Users\userdev13\.cache\selenium\chromedriver\win64\135.0.7049.84\chromedriver.exe"        [_thread_in_native, id=21780, stack(0x000000748ea00000,0x000000748eb00000) (1024K)]
  0x0000021fee9a18f0 JavaThread "Driver Service Executor"    daemon [_thread_blocked, id=43900, stack(0x000000748eb00000,0x000000748ec00000) (1024K)]
  0x0000021fee9a3330 JavaThread "Driver Service Executor"    daemon [_thread_blocked, id=48328, stack(0x000000748ec00000,0x000000748ed00000) (1024K)]
  0x0000021fee99eb00 JavaThread "HttpClient-72-SelectorManager" daemon [_thread_in_native, id=18192, stack(0x000000748f100000,0x000000748f200000) (1024K)]
  0x0000021fee99e470 JavaThread "HttpClient-73-SelectorManager" daemon [_thread_in_native, id=51228, stack(0x0000007491600000,0x0000007491700000) (1024K)]
  0x0000021feec326f0 JavaThread "HttpClient-75-SelectorManager" daemon [_thread_in_native, id=6492, stack(0x0000007494a00000,0x0000007494b00000) (1024K)]
  0x0000021feec32d80 JavaThread "External Process Output Forwarder - C:\Users\userdev13\.cache\selenium\chromedriver\win64\135.0.7049.84\chromedriver.exe"        [_thread_in_native, id=16440, stack(0x0000007494b00000,0x0000007494c00000) (1024K)]
  0x0000021feec33410 JavaThread "Driver Service Executor"    daemon [_thread_blocked, id=11976, stack(0x0000007494c00000,0x0000007494d00000) (1024K)]
  0x0000021feec375b0 JavaThread "Driver Service Executor"    daemon [_thread_blocked, id=41620, stack(0x0000007494d00000,0x0000007494e00000) (1024K)]
  0x0000021fee99a960 JavaThread "HttpClient-76-SelectorManager" daemon [_thread_in_native, id=3208, stack(0x0000007495100000,0x0000007495200000) (1024K)]
  0x0000021fee9995b0 JavaThread "HttpClient-77-SelectorManager" daemon [_thread_in_native, id=13116, stack(0x000000749a000000,0x000000749a100000) (1024K)]
  0x0000021fee996e50 JavaThread "External Process Output Forwarder - C:\Users\userdev13\.cache\selenium\chromedriver\win64\135.0.7049.84\chromedriver.exe"        [_thread_in_native, id=11620, stack(0x000000749a100000,0x000000749a200000) (1024K)]
  0x0000021fee998890 JavaThread "Driver Service Executor"    daemon [_thread_blocked, id=45496, stack(0x000000749a200000,0x000000749a300000) (1024K)]
  0x0000021fee999c40 JavaThread "Driver Service Executor"    daemon [_thread_blocked, id=32996, stack(0x000000749a300000,0x000000749a400000) (1024K)]
  0x0000021fee998200 JavaThread "HttpClient-78-SelectorManager" daemon [_thread_in_native, id=4784, stack(0x000000749a800000,0x000000749a900000) (1024K)]
  0x0000021fee9a1f80 JavaThread "HttpClient-79-SelectorManager" daemon [_thread_in_native, id=7392, stack(0x000000749d100000,0x000000749d200000) (1024K)]
  0x0000021fee99b680 JavaThread "External Process Output Forwarder - C:\Users\userdev13\.cache\selenium\chromedriver\win64\135.0.7049.84\chromedriver.exe"        [_thread_in_native, id=29540, stack(0x000000749d200000,0x000000749d300000) (1024K)]
  0x0000021fee9a2ca0 JavaThread "Driver Service Executor"    daemon [_thread_blocked, id=41332, stack(0x000000749d300000,0x000000749d400000) (1024K)]
  0x0000021fee99f820 JavaThread "Driver Service Executor"    daemon [_thread_blocked, id=5348, stack(0x000000749d400000,0x000000749d500000) (1024K)]
  0x0000021fee996130 JavaThread "HttpClient-80-SelectorManager" daemon [_thread_in_native, id=4332, stack(0x0000007500400000,0x0000007500500000) (1024K)]
  0x0000021fa7a1fd70 JavaThread "HttpClient-81-SelectorManager" daemon [_thread_in_native, id=46636, stack(0x0000007505500000,0x0000007505600000) (1024K)]
  0x0000021fa7a20400 JavaThread "External Process Output Forwarder - C:\Users\userdev13\.cache\selenium\chromedriver\win64\135.0.7049.84\chromedriver.exe"        [_thread_in_native, id=21700, stack(0x0000007505600000,0x0000007505700000) (1024K)]
  0x0000021fee994d80 JavaThread "Driver Service Executor"    daemon [_thread_blocked, id=22220, stack(0x0000007505700000,0x0000007505800000) (1024K)]
  0x0000021fee99bd10 JavaThread "Driver Service Executor"    daemon [_thread_blocked, id=12980, stack(0x0000007505800000,0x0000007505900000) (1024K)]
  0x0000021fee652330 JavaThread "HttpClient-82-SelectorManager" daemon [_thread_in_native, id=25016, stack(0x0000007505e00000,0x0000007505f00000) (1024K)]
  0x0000021fee99c3a0 JavaThread "HttpClient-83-SelectorManager" daemon [_thread_in_native, id=12724, stack(0x0000007508100000,0x0000007508200000) (1024K)]
  0x0000021feec34130 JavaThread "External Process Output Forwarder - C:\Users\userdev13\.cache\selenium\chromedriver\win64\135.0.7049.84\chromedriver.exe"        [_thread_in_native, id=10048, stack(0x0000007508200000,0x0000007508300000) (1024K)]
  0x0000021feec35b70 JavaThread "Driver Service Executor"    daemon [_thread_blocked, id=43212, stack(0x0000007508300000,0x0000007508400000) (1024K)]
  0x0000021fa7a20a90 JavaThread "Driver Service Executor"    daemon [_thread_blocked, id=26620, stack(0x0000007508400000,0x0000007508500000) (1024K)]
  0x0000021fee99dde0 JavaThread "HttpClient-84-SelectorManager" daemon [_thread_in_native, id=34076, stack(0x0000007508900000,0x0000007508a00000) (1024K)]
  0x0000021fee693be0 JavaThread "HttpClient-85-SelectorManager" daemon [_thread_in_native, id=20720, stack(0x000000750b400000,0x000000750b500000) (1024K)]
  0x0000021fee6976f0 JavaThread "External Process Output Forwarder - C:\Users\userdev13\.cache\selenium\chromedriver\win64\135.0.7049.84\chromedriver.exe"        [_thread_in_native, id=10388, stack(0x000000750b500000,0x000000750b600000) (1024K)]
  0x0000021fee691480 JavaThread "Driver Service Executor"    daemon [_thread_blocked, id=9252, stack(0x000000750b600000,0x000000750b700000) (1024K)]
  0x0000021fee693550 JavaThread "Driver Service Executor"    daemon [_thread_blocked, id=38648, stack(0x000000750b700000,0x000000750b800000) (1024K)]
  0x0000021fee691b10 JavaThread "HttpClient-86-SelectorManager" daemon [_thread_in_native, id=35800, stack(0x000000750bc00000,0x000000750bd00000) (1024K)]
  0x0000021fee694f90 JavaThread "HttpClient-89-SelectorManager" daemon [_thread_in_native, id=29864, stack(0x0000007511400000,0x0000007511500000) (1024K)]
  0x0000021fee698aa0 JavaThread "External Process Output Forwarder - C:\Users\userdev13\.cache\selenium\chromedriver\win64\135.0.7049.84\chromedriver.exe"        [_thread_in_native, id=5420, stack(0x0000007511500000,0x0000007511600000) (1024K)]
  0x0000021fee6969d0 JavaThread "Driver Service Executor"    daemon [_thread_blocked, id=38808, stack(0x0000007511600000,0x0000007511700000) (1024K)]
  0x0000021fee695cb0 JavaThread "Driver Service Executor"    daemon [_thread_blocked, id=28660, stack(0x0000007511700000,0x0000007511800000) (1024K)]
  0x0000021fee696340 JavaThread "HttpClient-90-SelectorManager" daemon [_thread_in_native, id=50988, stack(0x0000007511c00000,0x0000007511d00000) (1024K)]
  0x0000021fee698410 JavaThread "HttpClient-91-SelectorManager" daemon [_thread_in_native, id=33056, stack(0x0000007515100000,0x0000007515200000) (1024K)]
  0x0000021fee6921a0 JavaThread "External Process Output Forwarder - C:\Users\userdev13\.cache\selenium\chromedriver\win64\135.0.7049.84\chromedriver.exe"        [_thread_in_native, id=18200, stack(0x0000007515200000,0x0000007515300000) (1024K)]
  0x0000021fee69ab70 JavaThread "Driver Service Executor"    daemon [_thread_blocked, id=24904, stack(0x0000007515300000,0x0000007515400000) (1024K)]
  0x0000021fee69b890 JavaThread "Driver Service Executor"    daemon [_thread_blocked, id=38200, stack(0x0000007515400000,0x0000007515500000) (1024K)]
  0x0000021fee69dff0 JavaThread "HttpClient-92-SelectorManager" daemon [_thread_in_native, id=11428, stack(0x0000007515900000,0x0000007515a00000) (1024K)]
  0x0000021fee692830 JavaThread "HttpClient-93-SelectorManager" daemon [_thread_in_native, id=340, stack(0x0000007518000000,0x0000007518100000) (1024K)]
  0x0000021fee697060 JavaThread "External Process Output Forwarder - C:\Users\userdev13\.cache\selenium\chromedriver\win64\135.0.7049.84\chromedriver.exe"        [_thread_in_native, id=37928, stack(0x0000007518100000,0x0000007518200000) (1024K)]
  0x0000021fee697d80 JavaThread "Driver Service Executor"    daemon [_thread_blocked, id=15600, stack(0x0000007518200000,0x0000007518300000) (1024K)]
  0x0000021fee695620 JavaThread "Driver Service Executor"    daemon [_thread_blocked, id=46500, stack(0x0000007518300000,0x0000007518400000) (1024K)]
  0x0000021fee69ed10 JavaThread "pool-93-thread-1"                  [_thread_blocked, id=53972, stack(0x0000007518500000,0x0000007518600000) (1024K)]
  0x0000021fee69e680 JavaThread "pool-93-thread-2"                  [_thread_blocked, id=30964, stack(0x0000007518600000,0x0000007518700000) (1024K)]
  0x0000021fee69fa30 JavaThread "HttpClient-94-SelectorManager" daemon [_thread_in_native, id=18156, stack(0x0000007518800000,0x0000007518900000) (1024K)]
  0x0000021fee9946f0 JavaThread "pool-93-thread-3"                  [_thread_blocked, id=50292, stack(0x0000007518e00000,0x0000007518f00000) (1024K)]
  0x0000021fee99ca30 JavaThread "HttpClient-95-SelectorManager" daemon [_thread_in_native, id=6928, stack(0x000000751c200000,0x000000751c300000) (1024K)]
  0x0000021fee995aa0 JavaThread "External Process Output Forwarder - C:\Users\userdev13\.cache\selenium\chromedriver\win64\135.0.7049.84\chromedriver.exe"        [_thread_in_native, id=26436, stack(0x000000751c300000,0x000000751c400000) (1024K)]
  0x0000021fee99d0c0 JavaThread "Driver Service Executor"    daemon [_thread_blocked, id=52040, stack(0x000000751c400000,0x000000751c500000) (1024K)]
  0x0000021fee99d750 JavaThread "Driver Service Executor"    daemon [_thread_blocked, id=7060, stack(0x000000751c500000,0x000000751c600000) (1024K)]
  0x0000021fee99feb0 JavaThread "pool-95-thread-1"                  [_thread_blocked, id=26888, stack(0x000000751c700000,0x000000751c800000) (1024K)]
  0x0000021fee9a0540 JavaThread "pool-95-thread-2"                  [_thread_blocked, id=5600, stack(0x000000751c800000,0x000000751c900000) (1024K)]
  0x0000021fee994060 JavaThread "HttpClient-96-SelectorManager" daemon [_thread_in_native, id=13684, stack(0x000000751ca00000,0x000000751cb00000) (1024K)]
  0x0000021fee9a2610 JavaThread "pool-96-thread-1"                  [_thread_blocked, id=53808, stack(0x000000751cb00000,0x000000751cc00000) (1024K)]
  0x0000021fee9a0bd0 JavaThread "pool-96-thread-2"                  [_thread_blocked, id=38636, stack(0x000000751cc00000,0x000000751cd00000) (1024K)]
  0x0000021fee6564d0 JavaThread "pool-96-thread-3"                  [_thread_blocked, id=30844, stack(0x000000751ce00000,0x000000751cf00000) (1024K)]
  0x0000021fee655120 JavaThread "pool-95-thread-3"                  [_thread_blocked, id=50752, stack(0x000000751d000000,0x000000751d100000) (1024K)]
  0x0000021fee692ec0 JavaThread "HttpClient-97-SelectorManager" daemon [_thread_in_native, id=52100, stack(0x000000751ee00000,0x000000751ef00000) (1024K)]
  0x0000021fee699e50 JavaThread "External Process Output Forwarder - C:\Users\userdev13\.cache\selenium\chromedriver\win64\135.0.7049.84\chromedriver.exe"        [_thread_in_native, id=44528, stack(0x000000751ef00000,0x000000751f000000) (1024K)]
  0x0000021fee69b200 JavaThread "Driver Service Executor"    daemon [_thread_blocked, id=13832, stack(0x000000751f000000,0x000000751f100000) (1024K)]
  0x0000021fee694270 JavaThread "Driver Service Executor"    daemon [_thread_in_native, id=33016, stack(0x000000751f100000,0x000000751f200000) (1024K)]
  0x0000021fee69a4e0 JavaThread "Keep-Alive-Timer"           daemon [_thread_blocked, id=19508, stack(0x000000751f200000,0x000000751f300000) (1024K)]
  0x0000021fee69bf20 JavaThread "pool-97-thread-1"                  [_thread_blocked, id=49192, stack(0x000000751f300000,0x000000751f400000) (1024K)]
  0x0000021fee69c5b0 JavaThread "pool-97-thread-2"                  [_thread_blocked, id=44804, stack(0x000000751f400000,0x000000751f500000) (1024K)]
  0x0000021fee69cc40 JavaThread "pool-97-thread-3"                  [_thread_blocked, id=31376, stack(0x000000751f500000,0x000000751f600000) (1024K)]
  0x0000021fee6997c0 JavaThread "HttpClient-98-SelectorManager" daemon [_thread_in_native, id=4412, stack(0x000000751f700000,0x000000751f800000) (1024K)]
  0x0000021fee69d960 JavaThread "pool-98-thread-1"                  [_thread_blocked, id=11216, stack(0x000000751f800000,0x000000751f900000) (1024K)]
  0x0000021feec36200 JavaThread "pool-98-thread-2"                  [_thread_blocked, id=22524, stack(0x000000751f900000,0x000000751fa00000) (1024K)]
  0x0000021fedf437b0 JavaThread "pool-98-thread-3"                  [_thread_blocked, id=41380, stack(0x000000751fb00000,0x000000751fc00000) (1024K)]
  0x0000021fee694900 JavaThread "pool-99-thread-1"                  [_thread_blocked, id=44912, stack(0x0000007520400000,0x0000007520500000) (1024K)]
  0x0000021fee6a00c0 JavaThread "pool-99-thread-2"                  [_thread_blocked, id=10468, stack(0x0000007520500000,0x0000007520600000) (1024K)]
  0x0000021fee69d2d0 JavaThread "HttpClient-100-SelectorManager" daemon [_thread_in_native, id=22896, stack(0x0000007520700000,0x0000007520800000) (1024K)]
  0x0000021fee99f190 JavaThread "External Process Output Forwarder - C:\Users\userdev13\.cache\selenium\chromedriver\win64\135.0.7049.84\chromedriver.exe"        [_thread_in_native, id=27552, stack(0x0000007520800000,0x0000007520900000) (1024K)]
  0x0000021fee2d6900 JavaThread "Driver Service Executor"    daemon [_thread_blocked, id=35288, stack(0x0000007520900000,0x0000007520a00000) (1024K)]
  0x0000021fee804880 JavaThread "Driver Service Executor"    daemon [_thread_in_native, id=12096, stack(0x0000007520a00000,0x0000007520b00000) (1024K)]
  0x0000021fee69f3a0 JavaThread "pool-100-thread-1"                 [_thread_blocked, id=53128, stack(0x0000007520b00000,0x0000007520c00000) (1024K)]
  0x0000021fee699130 JavaThread "pool-100-thread-2"                 [_thread_blocked, id=16448, stack(0x0000007520c00000,0x0000007520d00000) (1024K)]
  0x0000021fee6a0750 JavaThread "HttpClient-101-SelectorManager" daemon [_thread_in_native, id=38376, stack(0x0000007520e00000,0x0000007520f00000) (1024K)]
  0x0000021fee235aa0 JavaThread "pool-101-thread-1"                 [_thread_blocked, id=36860, stack(0x0000007520f00000,0x0000007521000000) (1024K)]
  0x0000021feec32060 JavaThread "pool-101-thread-2"                 [_thread_blocked, id=19452, stack(0x0000007521000000,0x0000007521100000) (1024K)]
  0x0000021feda8cfa0 JavaThread "pool-101-thread-3"                 [_thread_blocked, id=52748, stack(0x0000007521400000,0x0000007521500000) (1024K)]
  0x0000021feda8d630 JavaThread "pool-100-thread-3"                 [_thread_blocked, id=43932, stack(0x0000007521600000,0x0000007521700000) (1024K)]
  0x0000021feda945c0 JavaThread "HttpClient-102-SelectorManager" daemon [_thread_new, id=16872, stack(0x0000000000000000,0x0000000000000000) (0B)]
Total: 252

Other Threads:
  0x0000021fa7151090 VMThread "VM Thread"                           [id=38908, stack(0x000000749dc00000,0x000000749dd00000) (1024K)]
  0x0000021f941ecb60 WatcherThread "VM Periodic Task Thread"        [id=39860, stack(0x000000749db00000,0x000000749dc00000) (1024K)]
Total: 2

Threads with active compile tasks:
C2 CompilerThread0  1148275 9339       4       java.lang.Class::resolveName (81 bytes)
C1 CompilerThread0  1148275 9335       3       org.apache.hc.client5.http.impl.classic.HttpClientBuilder::build (1653 bytes)
Total: 2

VM state: not at safepoint (normal execution)

VM Mutex/Monitor currently owned by a thread: None

Heap address: 0x0000000740c00000, size: 3060 MB, Compressed Oops mode: Zero based, Oop shift amount: 3

CDS archive(s) mapped at: [0x0000021fa8000000-0x0000021fa8c80000-0x0000021fa8c80000), size 13107200, SharedBaseAddress: 0x0000021fa8000000, ArchiveRelocationMode: 1.
Compressed class space mapped at: 0x0000021fa9000000-0x0000021fe9000000, reserved size: 1073741824
Narrow klass base: 0x0000021fa8000000, Narrow klass shift: 0, Narrow klass range: 0x100000000

GC Precious Log:
 CardTable entry size: 512
 CPUs: 1 total, 1 available
 Memory: 12236M
 Large Page Support: Disabled
 NUMA Support: Disabled
 Compressed Oops: Enabled (Zero based)
 Heap Min Capacity: 8M
 Heap Initial Capacity: 192M
 Heap Max Capacity: 3060M
 Pre-touch: Disabled

Heap:
 def new generation   total 59328K, used 6934K [0x0000000740c00000, 0x0000000744c50000, 0x0000000780800000)
  eden space 52800K,  11% used [0x0000000740c00000, 0x00000007412091c8, 0x0000000743f90000)
  from space 6528K,  11% used [0x0000000743f90000, 0x000000074404c800, 0x00000007445f0000)
  to   space 6528K,   0% used [0x00000007445f0000, 0x00000007445f0000, 0x0000000744c50000)
 tenured generation   total 131072K, used 107367K [0x0000000780800000, 0x0000000788800000, 0x0000000800000000)
   the space 131072K,  81% used [0x0000000780800000, 0x00000007870d9e88, 0x00000007870da000, 0x0000000788800000)
 Metaspace       used 37169K, committed 37696K, reserved 1114112K
  class space    used 4021K, committed 4288K, reserved 1048576K

Card table byte_map: [0x0000021fa6ac0000,0x0000021fa70c0000] _byte_map_base: 0x0000021fa30ba000

Polling page: 0x0000021f938f0000

Metaspace:

Usage:
  Non-class:     32.37 MB used.
      Class:      3.93 MB used.
       Both:     36.30 MB used.

Virtual space:
  Non-class space:       64.00 MB reserved,      32.63 MB ( 51%) committed,  1 nodes.
      Class space:        1.00 GB reserved,       4.19 MB ( <1%) committed,  1 nodes.
             Both:        1.06 GB reserved,      36.81 MB (  3%) committed. 

Chunk freelists:
   Non-Class:  14.53 MB
       Class:  11.73 MB
        Both:  26.26 MB

MaxMetaspaceSize: unlimited
CompressedClassSpaceSize: 1.00 GB
Initial GC threshold: 21.00 MB
Current GC threshold: 60.75 MB
CDS: on
 - commit_granule_bytes: 65536.
 - commit_granule_words: 8192.
 - virtual_space_node_default_size: 8388608.
 - enlarge_chunks_in_place: 1.
 - use_allocation_guard: 0.


Internal statistics:

num_allocs_failed_limit: 6.
num_arena_births: 680.
num_arena_deaths: 0.
num_vsnodes_births: 2.
num_vsnodes_deaths: 0.
num_space_committed: 588.
num_space_uncommitted: 0.
num_chunks_returned_to_freelist: 6.
num_chunks_taken_from_freelist: 1860.
num_chunk_merges: 6.
num_chunk_splits: 1185.
num_chunks_enlarged: 759.
num_inconsistent_stats: 0.

CodeHeap 'non-profiled nmethods': size=120064Kb used=4857Kb max_used=4857Kb free=115207Kb
 bounds [0x0000021f9f580000, 0x0000021f9fa40000, 0x0000021fa6ac0000]
CodeHeap 'profiled nmethods': size=120000Kb used=16955Kb max_used=16955Kb free=103044Kb
 bounds [0x0000021f97ac0000, 0x0000021f98b80000, 0x0000021f9eff0000]
CodeHeap 'non-nmethods': size=5696Kb used=1413Kb max_used=1460Kb free=4282Kb
 bounds [0x0000021f9eff0000, 0x0000021f9f260000, 0x0000021f9f580000]
 total_blobs=8776 nmethods=8056 adapters=625
 compilation: enabled
              stopped_count=0, restarted_count=0
 full_count=0

Compilation events (20 events):
Event: 1148.115 Thread 0x0000021fa71e1c60 9327       3       java.lang.Module::getLayer (43 bytes)
Event: 1148.115 Thread 0x0000021fa71e1c60 nmethod 9327 0x0000021f982e4610 code [0x0000021f982e47e0, 0x0000021f982e4b80]
Event: 1148.116 Thread 0x0000021fa7170ab0 9328       4       java.util.stream.Collectors$$Lambda/0x0000021fa9031510::accept (14 bytes)
Event: 1148.119 Thread 0x0000021fa7170ab0 nmethod 9328 0x0000021f9fa39390 code [0x0000021f9fa39560, 0x0000021f9fa39980]
Event: 1148.120 Thread 0x0000021fa7170ab0 9329       4       java.lang.invoke.DirectMethodHandle$Holder::invokeVirtual (14 bytes)
Event: 1148.120 Thread 0x0000021fa7170ab0 nmethod 9329 0x0000021f9fa39c10 code [0x0000021f9fa39da0, 0x0000021f9fa39e80]
Event: 1148.125 Thread 0x0000021fa7170ab0 9330       4       com.aventstack.extentreports.model.Report$$Lambda/0x0000021fa9412a88::test (12 bytes)
Event: 1148.126 Thread 0x0000021fa7170ab0 nmethod 9330 0x0000021f9fa39f90 code [0x0000021f9fa3a120, 0x0000021f9fa3a200]
Event: 1148.126 Thread 0x0000021fa7170ab0 9331   !   4       freemarker.core.BuiltInsForMultipleTypes$stringBI$DateFormatter::getAsString (98 bytes)
Event: 1148.137 Thread 0x0000021fa7170ab0 nmethod 9331 0x0000021f9fa3a310 code [0x0000021f9fa3a540, 0x0000021f9fa3b3f8]
Event: 1148.142 Thread 0x0000021fa7170ab0 9332   !   4       java.net.URL::getURLStreamHandler (191 bytes)
Event: 1148.154 Thread 0x0000021fa7170ab0 nmethod 9332 0x0000021f9fa3ba90 code [0x0000021f9fa3bd60, 0x0000021f9fa3cd28]
Event: 1148.179 Thread 0x0000021fa71e1c60 9333       3       io.cucumber.core.runner.TestCase::getName (10 bytes)
Event: 1148.181 Thread 0x0000021fa71e1c60 nmethod 9333 0x0000021f98012010 code [0x0000021f980121c0, 0x0000021f980123b0]
Event: 1148.181 Thread 0x0000021fa71e1c60 9334       3       com.aventstack.extentreports.util.Assert::notNull (14 bytes)
Event: 1148.181 Thread 0x0000021fa71e1c60 nmethod 9334 0x0000021f98011b90 code [0x0000021f98011d40, 0x0000021f98011f20]
Event: 1148.182 Thread 0x0000021fa71e1c60 9335       3       org.apache.hc.client5.http.impl.classic.HttpClientBuilder::build (1653 bytes)
Event: 1148.182 Thread 0x0000021fa7170ab0 9336       4       java.lang.String::toUpperCase (29 bytes)
Event: 1148.190 Thread 0x0000021fa7170ab0 nmethod 9336 0x0000021f9fa3d490 code [0x0000021f9fa3d680, 0x0000021f9fa3dfb0]
Event: 1148.194 Thread 0x0000021fa7170ab0 9339       4       java.lang.Class::resolveName (81 bytes)

GC Heap History (20 events):
Event: 1047.305 GC heap before
{Heap before GC invocations=109 (full 4):
 def new generation   total 59328K, used 52309K [0x0000000740c00000, 0x0000000744c50000, 0x0000000780800000)
  eden space 52800K,  97% used [0x0000000740c00000, 0x0000000743e74e08, 0x0000000743f90000)
  from space 6528K,   9% used [0x0000000743f90000, 0x0000000744030848, 0x00000007445f0000)
  to   space 6528K,   0% used [0x00000007445f0000, 0x00000007445f0000, 0x0000000744c50000)
 tenured generation   total 131072K, used 73507K [0x0000000780800000, 0x0000000788800000, 0x0000000800000000)
   the space 131072K,  56% used [0x0000000780800000, 0x0000000784fc8da8, 0x0000000784fc8e00, 0x0000000788800000)
 Metaspace       used 36989K, committed 37504K, reserved 1114112K
  class space    used 4017K, committed 4288K, reserved 1048576K
}
Event: 1047.333 GC heap after
{Heap after GC invocations=110 (full 4):
 def new generation   total 59328K, used 814K [0x0000000740c00000, 0x0000000744c50000, 0x0000000780800000)
  eden space 52800K,   0% used [0x0000000740c00000, 0x0000000740c00000, 0x0000000743f90000)
  from space 6528K,  12% used [0x00000007445f0000, 0x00000007446bb830, 0x0000000744c50000)
  to   space 6528K,   0% used [0x0000000743f90000, 0x0000000743f90000, 0x00000007445f0000)
 tenured generation   total 131072K, used 81607K [0x0000000780800000, 0x0000000788800000, 0x0000000800000000)
   the space 131072K,  62% used [0x0000000780800000, 0x00000007857b1db8, 0x00000007857b1e00, 0x0000000788800000)
 Metaspace       used 36989K, committed 37504K, reserved 1114112K
  class space    used 4017K, committed 4288K, reserved 1048576K
}
Event: 1052.560 GC heap before
{Heap before GC invocations=110 (full 4):
 def new generation   total 59328K, used 53614K [0x0000000740c00000, 0x0000000744c50000, 0x0000000780800000)
  eden space 52800K, 100% used [0x0000000740c00000, 0x0000000743f90000, 0x0000000743f90000)
  from space 6528K,  12% used [0x00000007445f0000, 0x00000007446bb830, 0x0000000744c50000)
  to   space 6528K,   0% used [0x0000000743f90000, 0x0000000743f90000, 0x00000007445f0000)
 tenured generation   total 131072K, used 81607K [0x0000000780800000, 0x0000000788800000, 0x0000000800000000)
   the space 131072K,  62% used [0x0000000780800000, 0x00000007857b1db8, 0x00000007857b1e00, 0x0000000788800000)
 Metaspace       used 36990K, committed 37504K, reserved 1114112K
  class space    used 4017K, committed 4288K, reserved 1048576K
}
Event: 1052.562 GC heap after
{Heap after GC invocations=111 (full 4):
 def new generation   total 59328K, used 813K [0x0000000740c00000, 0x0000000744c50000, 0x0000000780800000)
  eden space 52800K,   0% used [0x0000000740c00000, 0x0000000740c00000, 0x0000000743f90000)
  from space 6528K,  12% used [0x0000000743f90000, 0x000000074405b470, 0x00000007445f0000)
  to   space 6528K,   0% used [0x00000007445f0000, 0x00000007445f0000, 0x0000000744c50000)
 tenured generation   total 131072K, used 81607K [0x0000000780800000, 0x0000000788800000, 0x0000000800000000)
   the space 131072K,  62% used [0x0000000780800000, 0x00000007857b1db8, 0x00000007857b1e00, 0x0000000788800000)
 Metaspace       used 36990K, committed 37504K, reserved 1114112K
  class space    used 4017K, committed 4288K, reserved 1048576K
}
Event: 1071.172 GC heap before
{Heap before GC invocations=111 (full 4):
 def new generation   total 59328K, used 52922K [0x0000000740c00000, 0x0000000744c50000, 0x0000000780800000)
  eden space 52800K,  98% used [0x0000000740c00000, 0x0000000743ee35b0, 0x0000000743f90000)
  from space 6528K,  12% used [0x0000000743f90000, 0x000000074405b470, 0x00000007445f0000)
  to   space 6528K,   0% used [0x00000007445f0000, 0x00000007445f0000, 0x0000000744c50000)
 tenured generation   total 131072K, used 81607K [0x0000000780800000, 0x0000000788800000, 0x0000000800000000)
   the space 131072K,  62% used [0x0000000780800000, 0x00000007857b1db8, 0x00000007857b1e00, 0x0000000788800000)
 Metaspace       used 36992K, committed 37568K, reserved 1114112K
  class space    used 4017K, committed 4288K, reserved 1048576K
}
Event: 1071.175 GC heap after
{Heap after GC invocations=112 (full 4):
 def new generation   total 59328K, used 1074K [0x0000000740c00000, 0x0000000744c50000, 0x0000000780800000)
  eden space 52800K,   0% used [0x0000000740c00000, 0x0000000740c00000, 0x0000000743f90000)
  from space 6528K,  16% used [0x00000007445f0000, 0x00000007446fcb38, 0x0000000744c50000)
  to   space 6528K,   0% used [0x0000000743f90000, 0x0000000743f90000, 0x00000007445f0000)
 tenured generation   total 131072K, used 81607K [0x0000000780800000, 0x0000000788800000, 0x0000000800000000)
   the space 131072K,  62% used [0x0000000780800000, 0x00000007857b1db8, 0x00000007857b1e00, 0x0000000788800000)
 Metaspace       used 36992K, committed 37568K, reserved 1114112K
  class space    used 4017K, committed 4288K, reserved 1048576K
}
Event: 1077.537 GC heap before
{Heap before GC invocations=112 (full 4):
 def new generation   total 59328K, used 50814K [0x0000000740c00000, 0x0000000744c50000, 0x0000000780800000)
  eden space 52800K,  94% used [0x0000000740c00000, 0x0000000743c93060, 0x0000000743f90000)
  from space 6528K,  16% used [0x00000007445f0000, 0x00000007446fcb38, 0x0000000744c50000)
  to   space 6528K,   0% used [0x0000000743f90000, 0x0000000743f90000, 0x00000007445f0000)
 tenured generation   total 131072K, used 81607K [0x0000000780800000, 0x0000000788800000, 0x0000000800000000)
   the space 131072K,  62% used [0x0000000780800000, 0x00000007857b1db8, 0x00000007857b1e00, 0x0000000788800000)
 Metaspace       used 36992K, committed 37568K, reserved 1114112K
  class space    used 4017K, committed 4288K, reserved 1048576K
}
Event: 1077.573 GC heap after
{Heap after GC invocations=113 (full 4):
 def new generation   total 59328K, used 1077K [0x0000000740c00000, 0x0000000744c50000, 0x0000000780800000)
  eden space 52800K,   0% used [0x0000000740c00000, 0x0000000740c00000, 0x0000000743f90000)
  from space 6528K,  16% used [0x0000000743f90000, 0x000000074409d528, 0x00000007445f0000)
  to   space 6528K,   0% used [0x00000007445f0000, 0x00000007445f0000, 0x0000000744c50000)
 tenured generation   total 131072K, used 89707K [0x0000000780800000, 0x0000000788800000, 0x0000000800000000)
   the space 131072K,  68% used [0x0000000780800000, 0x0000000785f9adc8, 0x0000000785f9ae00, 0x0000000788800000)
 Metaspace       used 36992K, committed 37568K, reserved 1114112K
  class space    used 4017K, committed 4288K, reserved 1048576K
}
Event: 1090.898 GC heap before
{Heap before GC invocations=113 (full 4):
 def new generation   total 59328K, used 45936K [0x0000000740c00000, 0x0000000744c50000, 0x0000000780800000)
  eden space 52800K,  84% used [0x0000000740c00000, 0x00000007437ceb00, 0x0000000743f90000)
  from space 6528K,  16% used [0x0000000743f90000, 0x000000074409d528, 0x00000007445f0000)
  to   space 6528K,   0% used [0x00000007445f0000, 0x00000007445f0000, 0x0000000744c50000)
 tenured generation   total 131072K, used 89707K [0x0000000780800000, 0x0000000788800000, 0x0000000800000000)
   the space 131072K,  68% used [0x0000000780800000, 0x0000000785f9adc8, 0x0000000785f9ae00, 0x0000000788800000)
 Metaspace       used 36997K, committed 37568K, reserved 1114112K
  class space    used 4017K, committed 4288K, reserved 1048576K
}
Event: 1090.901 GC heap after
{Heap after GC invocations=114 (full 4):
 def new generation   total 59328K, used 1296K [0x0000000740c00000, 0x0000000744c50000, 0x0000000780800000)
  eden space 52800K,   0% used [0x0000000740c00000, 0x0000000740c00000, 0x0000000743f90000)
  from space 6528K,  19% used [0x00000007445f0000, 0x0000000744734040, 0x0000000744c50000)
  to   space 6528K,   0% used [0x0000000743f90000, 0x0000000743f90000, 0x00000007445f0000)
 tenured generation   total 131072K, used 89707K [0x0000000780800000, 0x0000000788800000, 0x0000000800000000)
   the space 131072K,  68% used [0x0000000780800000, 0x0000000785f9adc8, 0x0000000785f9ae00, 0x0000000788800000)
 Metaspace       used 36997K, committed 37568K, reserved 1114112K
  class space    used 4017K, committed 4288K, reserved 1048576K
}
Event: 1100.217 GC heap before
{Heap before GC invocations=114 (full 4):
 def new generation   total 59328K, used 51231K [0x0000000740c00000, 0x0000000744c50000, 0x0000000780800000)
  eden space 52800K,  94% used [0x0000000740c00000, 0x0000000743cc3c38, 0x0000000743f90000)
  from space 6528K,  19% used [0x00000007445f0000, 0x0000000744734040, 0x0000000744c50000)
  to   space 6528K,   0% used [0x0000000743f90000, 0x0000000743f90000, 0x00000007445f0000)
 tenured generation   total 131072K, used 89707K [0x0000000780800000, 0x0000000788800000, 0x0000000800000000)
   the space 131072K,  68% used [0x0000000780800000, 0x0000000785f9adc8, 0x0000000785f9ae00, 0x0000000788800000)
 Metaspace       used 36998K, committed 37568K, reserved 1114112K
  class space    used 4017K, committed 4288K, reserved 1048576K
}
Event: 1100.252 GC heap after
{Heap after GC invocations=115 (full 4):
 def new generation   total 59328K, used 1294K [0x0000000740c00000, 0x0000000744c50000, 0x0000000780800000)
  eden space 52800K,   0% used [0x0000000740c00000, 0x0000000740c00000, 0x0000000743f90000)
  from space 6528K,  19% used [0x0000000743f90000, 0x00000007440d38d8, 0x00000007445f0000)
  to   space 6528K,   0% used [0x00000007445f0000, 0x00000007445f0000, 0x0000000744c50000)
 tenured generation   total 131072K, used 97807K [0x0000000780800000, 0x0000000788800000, 0x0000000800000000)
   the space 131072K,  74% used [0x0000000780800000, 0x0000000786783dd8, 0x0000000786783e00, 0x0000000788800000)
 Metaspace       used 36998K, committed 37568K, reserved 1114112K
  class space    used 4017K, committed 4288K, reserved 1048576K
}
Event: 1103.971 GC heap before
{Heap before GC invocations=115 (full 4):
 def new generation   total 59328K, used 54082K [0x0000000740c00000, 0x0000000744c50000, 0x0000000780800000)
  eden space 52800K,  99% used [0x0000000740c00000, 0x0000000743f8cfa0, 0x0000000743f90000)
  from space 6528K,  19% used [0x0000000743f90000, 0x00000007440d38d8, 0x00000007445f0000)
  to   space 6528K,   0% used [0x00000007445f0000, 0x00000007445f0000, 0x0000000744c50000)
 tenured generation   total 131072K, used 97807K [0x0000000780800000, 0x0000000788800000, 0x0000000800000000)
   the space 131072K,  74% used [0x0000000780800000, 0x0000000786783dd8, 0x0000000786783e00, 0x0000000788800000)
 Metaspace       used 36998K, committed 37568K, reserved 1114112K
  class space    used 4017K, committed 4288K, reserved 1048576K
}
Event: 1103.976 GC heap after
{Heap after GC invocations=116 (full 4):
 def new generation   total 59328K, used 1315K [0x0000000740c00000, 0x0000000744c50000, 0x0000000780800000)
  eden space 52800K,   0% used [0x0000000740c00000, 0x0000000740c00000, 0x0000000743f90000)
  from space 6528K,  20% used [0x00000007445f0000, 0x0000000744738e48, 0x0000000744c50000)
  to   space 6528K,   0% used [0x0000000743f90000, 0x0000000743f90000, 0x00000007445f0000)
 tenured generation   total 131072K, used 97807K [0x0000000780800000, 0x0000000788800000, 0x0000000800000000)
   the space 131072K,  74% used [0x0000000780800000, 0x0000000786783dd8, 0x0000000786783e00, 0x0000000788800000)
 Metaspace       used 36998K, committed 37568K, reserved 1114112K
  class space    used 4017K, committed 4288K, reserved 1048576K
}
Event: 1125.471 GC heap before
{Heap before GC invocations=116 (full 4):
 def new generation   total 59328K, used 54115K [0x0000000740c00000, 0x0000000744c50000, 0x0000000780800000)
  eden space 52800K, 100% used [0x0000000740c00000, 0x0000000743f90000, 0x0000000743f90000)
  from space 6528K,  20% used [0x00000007445f0000, 0x0000000744738e48, 0x0000000744c50000)
  to   space 6528K,   0% used [0x0000000743f90000, 0x0000000743f90000, 0x00000007445f0000)
 tenured generation   total 131072K, used 97807K [0x0000000780800000, 0x0000000788800000, 0x0000000800000000)
   the space 131072K,  74% used [0x0000000780800000, 0x0000000786783dd8, 0x0000000786783e00, 0x0000000788800000)
 Metaspace       used 37013K, committed 37568K, reserved 1114112K
  class space    used 4017K, committed 4288K, reserved 1048576K
}
Event: 1125.492 GC heap after
{Heap after GC invocations=117 (full 4):
 def new generation   total 59328K, used 5165K [0x0000000740c00000, 0x0000000744c50000, 0x0000000780800000)
  eden space 52800K,   0% used [0x0000000740c00000, 0x0000000740c00000, 0x0000000743f90000)
  from space 6528K,  79% used [0x0000000743f90000, 0x000000074449b7b8, 0x00000007445f0000)
  to   space 6528K,   0% used [0x00000007445f0000, 0x00000007445f0000, 0x0000000744c50000)
 tenured generation   total 131072K, used 97807K [0x0000000780800000, 0x0000000788800000, 0x0000000800000000)
   the space 131072K,  74% used [0x0000000780800000, 0x0000000786783dd8, 0x0000000786783e00, 0x0000000788800000)
 Metaspace       used 37013K, committed 37568K, reserved 1114112K
  class space    used 4017K, committed 4288K, reserved 1048576K
}
Event: 1133.644 GC heap before
{Heap before GC invocations=117 (full 4):
 def new generation   total 59328K, used 57073K [0x0000000740c00000, 0x0000000744c50000, 0x0000000780800000)
  eden space 52800K,  98% used [0x0000000740c00000, 0x0000000743eb0c70, 0x0000000743f90000)
  from space 6528K,  79% used [0x0000000743f90000, 0x000000074449b7b8, 0x00000007445f0000)
  to   space 6528K,   0% used [0x00000007445f0000, 0x00000007445f0000, 0x0000000744c50000)
 tenured generation   total 131072K, used 97807K [0x0000000780800000, 0x0000000788800000, 0x0000000800000000)
   the space 131072K,  74% used [0x0000000780800000, 0x0000000786783dd8, 0x0000000786783e00, 0x0000000788800000)
 Metaspace       used 37055K, committed 37568K, reserved 1114112K
  class space    used 4017K, committed 4288K, reserved 1048576K
}
Event: 1133.704 GC heap after
{Heap after GC invocations=118 (full 4):
 def new generation   total 59328K, used 7K [0x0000000740c00000, 0x0000000744c50000, 0x0000000780800000)
  eden space 52800K,   0% used [0x0000000740c00000, 0x0000000740c00000, 0x0000000743f90000)
  from space 6528K,   0% used [0x00000007445f0000, 0x00000007445f1e90, 0x0000000744c50000)
  to   space 6528K,   0% used [0x0000000743f90000, 0x0000000743f90000, 0x00000007445f0000)
 tenured generation   total 131072K, used 107367K [0x0000000780800000, 0x0000000788800000, 0x0000000800000000)
   the space 131072K,  81% used [0x0000000780800000, 0x00000007870d9e88, 0x00000007870da000, 0x0000000788800000)
 Metaspace       used 37055K, committed 37568K, reserved 1114112K
  class space    used 4017K, committed 4288K, reserved 1048576K
}
Event: 1148.164 GC heap before
{Heap before GC invocations=118 (full 4):
 def new generation   total 59328K, used 52807K [0x0000000740c00000, 0x0000000744c50000, 0x0000000780800000)
  eden space 52800K, 100% used [0x0000000740c00000, 0x0000000743f90000, 0x0000000743f90000)
  from space 6528K,   0% used [0x00000007445f0000, 0x00000007445f1e90, 0x0000000744c50000)
  to   space 6528K,   0% used [0x0000000743f90000, 0x0000000743f90000, 0x00000007445f0000)
 tenured generation   total 131072K, used 107367K [0x0000000780800000, 0x0000000788800000, 0x0000000800000000)
   the space 131072K,  81% used [0x0000000780800000, 0x00000007870d9e88, 0x00000007870da000, 0x0000000788800000)
 Metaspace       used 37135K, committed 37632K, reserved 1114112K
  class space    used 4021K, committed 4288K, reserved 1048576K
}
Event: 1148.169 GC heap after
{Heap after GC invocations=119 (full 4):
 def new generation   total 59328K, used 754K [0x0000000740c00000, 0x0000000744c50000, 0x0000000780800000)
  eden space 52800K,   0% used [0x0000000740c00000, 0x0000000740c00000, 0x0000000743f90000)
  from space 6528K,  11% used [0x0000000743f90000, 0x000000074404c800, 0x00000007445f0000)
  to   space 6528K,   0% used [0x00000007445f0000, 0x00000007445f0000, 0x0000000744c50000)
 tenured generation   total 131072K, used 107367K [0x0000000780800000, 0x0000000788800000, 0x0000000800000000)
   the space 131072K,  81% used [0x0000000780800000, 0x00000007870d9e88, 0x00000007870da000, 0x0000000788800000)
 Metaspace       used 37135K, committed 37632K, reserved 1114112K
  class space    used 4021K, committed 4288K, reserved 1048576K
}

Dll operation events (10 events):
Event: 0.003 Loaded shared library C:\Users\userdev13\.p2\pool\plugins\org.eclipse.justj.openjdk.hotspot.jre.full.win32.x86_64_21.0.6.v20250130-0529\jre\bin\java.dll
Event: 0.045 Loaded shared library C:\Users\userdev13\.p2\pool\plugins\org.eclipse.justj.openjdk.hotspot.jre.full.win32.x86_64_21.0.6.v20250130-0529\jre\bin\zip.dll
Event: 0.140 Loaded shared library C:\Users\userdev13\.p2\pool\plugins\org.eclipse.justj.openjdk.hotspot.jre.full.win32.x86_64_21.0.6.v20250130-0529\jre\bin\net.dll
Event: 0.141 Loaded shared library C:\Users\userdev13\.p2\pool\plugins\org.eclipse.justj.openjdk.hotspot.jre.full.win32.x86_64_21.0.6.v20250130-0529\jre\bin\nio.dll
Event: 0.146 Loaded shared library C:\Users\userdev13\.p2\pool\plugins\org.eclipse.justj.openjdk.hotspot.jre.full.win32.x86_64_21.0.6.v20250130-0529\jre\bin\zip.dll
Event: 0.428 Loaded shared library C:\Users\userdev13\.p2\pool\plugins\org.eclipse.justj.openjdk.hotspot.jre.full.win32.x86_64_21.0.6.v20250130-0529\jre\bin\jimage.dll
Event: 0.527 Loaded shared library C:\Users\userdev13\.p2\pool\plugins\org.eclipse.justj.openjdk.hotspot.jre.full.win32.x86_64_21.0.6.v20250130-0529\jre\bin\extnet.dll
Event: 0.536 Loaded shared library C:\Users\userdev13\.p2\pool\plugins\org.eclipse.justj.openjdk.hotspot.jre.full.win32.x86_64_21.0.6.v20250130-0529\jre\bin\verify.dll
Event: 4.369 Loaded shared library C:\Users\userdev13\.p2\pool\plugins\org.eclipse.justj.openjdk.hotspot.jre.full.win32.x86_64_21.0.6.v20250130-0529\jre\bin\sunmscapi.dll
Event: 11.104 Loaded shared library C:\Users\userdev13\.p2\pool\plugins\org.eclipse.justj.openjdk.hotspot.jre.full.win32.x86_64_21.0.6.v20250130-0529\jre\bin\awt.dll

Deoptimization events (20 events):
Event: 999.582 Thread 0x0000021f91ed8b40 Uncommon trap: trap_request=0xffffffd6 fr.pc=0x0000021f9fa080b8 relative=0x00000000000003f8
Event: 999.582 Thread 0x0000021f91ed8b40 Uncommon trap: reason=array_check action=maybe_recompile pc=0x0000021f9fa080b8 method=freemarker.core.LocalContextStack.push(Lfreemarker/core/LocalContext;)V @ 70 c2
Event: 999.582 Thread 0x0000021f91ed8b40 DEOPT PACKING pc=0x0000021f9fa080b8 sp=0x000000749dafccd0
Event: 999.582 Thread 0x0000021f91ed8b40 DEOPT UNPACKING pc=0x0000021f9f046da2 sp=0x000000749dafcaf8 mode 2
Event: 999.582 Thread 0x0000021f91ed8b40 Uncommon trap: trap_request=0xffffffd6 fr.pc=0x0000021f9fa08bf8 relative=0x00000000000000d8
Event: 999.582 Thread 0x0000021f91ed8b40 Uncommon trap: reason=array_check action=maybe_recompile pc=0x0000021f9fa08bf8 method=freemarker.core.LocalContextStack.push(Lfreemarker/core/LocalContext;)V @ 70 c2
Event: 999.582 Thread 0x0000021f91ed8b40 DEOPT PACKING pc=0x0000021f9fa08bf8 sp=0x000000749dafcbd0
Event: 999.582 Thread 0x0000021f91ed8b40 DEOPT UNPACKING pc=0x0000021f9f046da2 sp=0x000000749dafcb40 mode 2
Event: 1016.608 Thread 0x0000021fee692ec0 Uncommon trap: trap_request=0xffffff54 fr.pc=0x0000021f9f9df63c relative=0x000000000000009c
Event: 1016.608 Thread 0x0000021fee692ec0 Uncommon trap: reason=speculate_null_assert action=make_not_entrant pc=0x0000021f9f9df63c method=jdk.internal.net.http.common.Utils.getCompletionCause(Ljava/lang/Throwable;)Ljava/lang/Throwable; @ 25 c2
Event: 1016.608 Thread 0x0000021fee692ec0 DEOPT PACKING pc=0x0000021f9f9df63c sp=0x000000750e9fe9a0
Event: 1016.609 Thread 0x0000021fee692ec0 DEOPT UNPACKING pc=0x0000021f9f046da2 sp=0x000000750e9fe938 mode 2
Event: 1030.437 Thread 0x0000021f91ed8b40 Uncommon trap: trap_request=0xffffff45 fr.pc=0x0000021f9f6e1440 relative=0x0000000000000740
Event: 1030.437 Thread 0x0000021f91ed8b40 Uncommon trap: reason=unstable_if action=reinterpret pc=0x0000021f9f6e1440 method=io.cucumber.core.internal.com.fasterxml.jackson.core.json.WriterBasedJsonGenerator.writeEndObject()V @ 75 c2
Event: 1030.437 Thread 0x0000021f91ed8b40 DEOPT PACKING pc=0x0000021f9f6e1440 sp=0x000000749dafdec0
Event: 1030.437 Thread 0x0000021f91ed8b40 DEOPT UNPACKING pc=0x0000021f9f046da2 sp=0x000000749dafde18 mode 2
Event: 1144.973 Thread 0x0000021f91ed8b40 Uncommon trap: trap_request=0x00000047 fr.pc=0x0000021f9f8654b8 relative=0x0000000000000698
Event: 1144.973 Thread 0x0000021f91ed8b40 Uncommon trap: reason=unloaded action=reinterpret pc=0x0000021f9f8654b8 method=jdk.internal.reflect.DirectConstructorHandleAccessor.newInstance([Ljava/lang/Object;)Ljava/lang/Object; @ 121 c2
Event: 1144.973 Thread 0x0000021f91ed8b40 DEOPT PACKING pc=0x0000021f9f8654b8 sp=0x000000749dafda30
Event: 1144.973 Thread 0x0000021f91ed8b40 DEOPT UNPACKING pc=0x0000021f9f046da2 sp=0x000000749dafd970 mode 2

Classes loaded (20 events):
Event: 41.964 Loading class java/lang/Throwable$PrintStreamOrWriter done
Event: 41.964 Loading class java/lang/Throwable$WrappedPrintWriter done
Event: 42.007 Loading class java/util/concurrent/ConcurrentHashMap$EntrySpliterator
Event: 42.007 Loading class java/util/concurrent/ConcurrentHashMap$EntrySpliterator done
Event: 146.487 Loading class java/lang/foreign/MemorySegment
Event: 146.488 Loading class java/lang/foreign/MemorySegment done
Event: 182.110 Loading class java/nio/StringCharBuffer
Event: 182.110 Loading class java/nio/StringCharBuffer done
Event: 182.122 Loading class java/util/concurrent/RejectedExecutionException
Event: 182.122 Loading class java/util/concurrent/RejectedExecutionException done
Event: 182.122 Loading class java/util/concurrent/CompletionException
Event: 182.122 Loading class java/util/concurrent/CompletionException done
Event: 186.161 Loading class sun/net/util/SocketExceptions
Event: 186.161 Loading class sun/net/util/SocketExceptions done
Event: 284.672 Loading class sun/net/www/protocol/http/HttpURLConnection$10
Event: 284.672 Loading class sun/net/www/protocol/http/HttpURLConnection$10 done
Event: 284.676 Loading class sun/net/ConnectionResetException
Event: 284.676 Loading class sun/net/ConnectionResetException done
Event: 1141.465 Loading class java/net/InetAddress$CachedLocalHost
Event: 1141.470 Loading class java/net/InetAddress$CachedLocalHost done

Classes unloaded (0 events):
No events

Classes redefined (0 events):
No events

Internal exceptions (20 events):
Event: 26.067 Thread 0x0000021f91ed8b40 Exception <a 'java/lang/ClassNotFoundException'{0x00000007415e8538}: com/aventstack/extentreports/model/context/NamedAttributeContextManagerCustomizer> (0x00000007415e8538) 
thrown [s\src\hotspot\share\classfile\systemDictionary.cpp, line 312]
Event: 26.097 Thread 0x0000021f91ed8b40 Exception <a 'java/lang/ClassNotFoundException'{0x000000074165bad8}: com/aventstack/extentreports/model/TestBeanInfo> (0x000000074165bad8) 
thrown [s\src\hotspot\share\classfile\systemDictionary.cpp, line 312]
Event: 26.098 Thread 0x0000021f91ed8b40 Exception <a 'java/lang/ClassNotFoundException'{0x0000000741660308}: com/aventstack/extentreports/model/TestCustomizer> (0x0000000741660308) 
thrown [s\src\hotspot\share\classfile\systemDictionary.cpp, line 312]
Event: 26.110 Thread 0x0000021f91ed8b40 Exception <a 'java/lang/ClassNotFoundException'{0x00000007416cc200}: com/aventstack/extentreports/model/LogBeanInfo> (0x00000007416cc200) 
thrown [s\src\hotspot\share\classfile\systemDictionary.cpp, line 312]
Event: 26.110 Thread 0x0000021f91ed8b40 Exception <a 'java/lang/ClassNotFoundException'{0x00000007416d09d0}: com/aventstack/extentreports/model/LogCustomizer> (0x00000007416d09d0) 
thrown [s\src\hotspot\share\classfile\systemDictionary.cpp, line 312]
Event: 26.322 Thread 0x0000021f91ed8b40 Exception <a 'java/lang/ClassNotFoundException'{0x0000000741800328}: java/util/concurrent/ConcurrentHashMapBeanInfo> (0x0000000741800328) 
thrown [s\src\hotspot\share\classfile\systemDictionary.cpp, line 312]
Event: 26.322 Thread 0x0000021f91ed8b40 Exception <a 'java/lang/ClassNotFoundException'{0x0000000741801af0}: java/util/AbstractMapBeanInfo> (0x0000000741801af0) 
thrown [s\src\hotspot\share\classfile\systemDictionary.cpp, line 312]
Event: 26.322 Thread 0x0000021f91ed8b40 Exception <a 'java/lang/ClassNotFoundException'{0x0000000741803280}: java/util/AbstractMapCustomizer> (0x0000000741803280) 
thrown [s\src\hotspot\share\classfile\systemDictionary.cpp, line 312]
Event: 26.332 Thread 0x0000021f91ed8b40 Exception <a 'java/lang/ClassNotFoundException'{0x00000007418365f8}: java/util/concurrent/ConcurrentHashMapCustomizer> (0x00000007418365f8) 
thrown [s\src\hotspot\share\classfile\systemDictionary.cpp, line 312]
Event: 26.344 Thread 0x0000021f91ed8b40 Exception <a 'java/lang/NoSuchMethodError'{0x00000007418b5948}: 'long java.lang.invoke.DelegatingMethodHandle$Holder.reinvoke_L(java.lang.Object, java.lang.Object)'> (0x00000007418b5948) 
thrown [s\src\hotspot\share\interpreter\linkResolver.cpp, line 773]
Event: 41.956 Thread 0x0000021f91ed8b40 Exception <a 'java/lang/ClassNotFoundException'{0x00000007417c75f0}: sun/misc/SharedSecrets> (0x00000007417c75f0) 
thrown [s\src\hotspot\share\classfile\systemDictionary.cpp, line 312]
Event: 121.581 Thread 0x0000021f91ed8b40 Implicit null exception at 0x0000021f9f7d7105 to 0x0000021f9f7d7758
Event: 182.107 Thread 0x0000021f91ed8b40 Exception <a 'java/lang/NoSuchMethodError'{0x0000000743b777c0}: 'java.lang.Object java.lang.invoke.DirectMethodHandle$Holder.invokeStatic(java.lang.Object, int, java.lang.Object)'> (0x0000000743b777c0) 
thrown [s\src\hotspot\share\interpreter\linkResolver.cpp, line 773]
Event: 182.108 Thread 0x0000021f91ed8b40 Exception <a 'java/lang/NoSuchMethodError'{0x0000000743b7d868}: 'java.lang.Object java.lang.invoke.DirectMethodHandle$Holder.newInvokeSpecial(java.lang.Object, int, java.lang.Object)'> (0x0000000743b7d868) 
thrown [s\src\hotspot\share\interpreter\linkResolver.cpp, line 773]
Event: 186.161 Thread 0x0000021fa721de40 Exception <a 'java/net/ConnectException'{0x0000000743ceb990}: Connection refused: getsockopt> (0x0000000743ceb990) 
thrown [s\src\hotspot\share\prims\jni.cpp, line 539]
Event: 284.676 Thread 0x0000021fa7b1e720 Exception <a 'sun/net/ConnectionResetException'{0x0000000740f2e260}: Connection reset> (0x0000000740f2e260) 
thrown [s\src\hotspot\share\prims\jni.cpp, line 539]
Event: 422.941 Thread 0x0000021fa721de40 Exception <a 'java/net/ConnectException'{0x00000007415e7028}: Connection refused: getsockopt> (0x00000007415e7028) 
thrown [s\src\hotspot\share\prims\jni.cpp, line 539]
Event: 656.964 Thread 0x0000021fa721de40 Exception <a 'java/net/ConnectException'{0x00000007415e9620}: Connection refused: getsockopt> (0x00000007415e9620) 
thrown [s\src\hotspot\share\prims\jni.cpp, line 539]
Event: 871.175 Thread 0x0000021fa721de40 Exception <a 'java/net/ConnectException'{0x0000000741647e08}: Connection refused: getsockopt> (0x0000000741647e08) 
thrown [s\src\hotspot\share\prims\jni.cpp, line 539]
Event: 1030.413 Thread 0x0000021fee696340 Exception <a 'sun/net/ConnectionResetException'{0x000000074350ef80}: Connection reset> (0x000000074350ef80) 
thrown [s\src\hotspot\share\prims\jni.cpp, line 539]

ZGC Phase Switch (0 events):
No events

VM Operations (20 events):
Event: 1133.496 Executing VM operation: Cleanup
Event: 1133.496 Executing VM operation: Cleanup done
Event: 1133.623 Executing VM operation: GenCollectForAllocation (Allocation Failure)
Event: 1133.704 Executing VM operation: GenCollectForAllocation (Allocation Failure) done
Event: 1134.705 Executing VM operation: Cleanup
Event: 1134.705 Executing VM operation: Cleanup done
Event: 1140.707 Executing VM operation: Cleanup
Event: 1140.707 Executing VM operation: Cleanup done
Event: 1141.708 Executing VM operation: Cleanup
Event: 1141.708 Executing VM operation: Cleanup done
Event: 1142.656 Executing VM operation: HandshakeAllThreads (HandshakeForDeflation)
Event: 1142.656 Executing VM operation: HandshakeAllThreads (HandshakeForDeflation) done
Event: 1142.656 Executing VM operation: RendezvousGCThreads
Event: 1142.656 Executing VM operation: RendezvousGCThreads done
Event: 1145.657 Executing VM operation: Cleanup
Event: 1145.657 Executing VM operation: Cleanup done
Event: 1147.667 Executing VM operation: Cleanup
Event: 1147.667 Executing VM operation: Cleanup done
Event: 1148.164 Executing VM operation: GenCollectForAllocation (Allocation Failure)
Event: 1148.169 Executing VM operation: GenCollectForAllocation (Allocation Failure) done

Memory protections (0 events):
No events

Nmethod flushes (20 events):
Event: 848.139 Thread 0x0000021fa7151090 flushing  nmethod 0x0000021f985d6110
Event: 848.139 Thread 0x0000021fa7151090 flushing  nmethod 0x0000021f985da510
Event: 848.139 Thread 0x0000021fa7151090 flushing  nmethod 0x0000021f985df790
Event: 848.139 Thread 0x0000021fa7151090 flushing  nmethod 0x0000021f985e3310
Event: 848.139 Thread 0x0000021fa7151090 flushing  nmethod 0x0000021f985e6410
Event: 848.140 Thread 0x0000021fa7151090 flushing  nmethod 0x0000021f985e6b90
Event: 848.140 Thread 0x0000021fa7151090 flushing  nmethod 0x0000021f985e7110
Event: 848.140 Thread 0x0000021fa7151090 flushing  nmethod 0x0000021f985f0a10
Event: 848.140 Thread 0x0000021fa7151090 flushing  nmethod 0x0000021f98601110
Event: 848.140 Thread 0x0000021fa7151090 flushing  nmethod 0x0000021f9861fa10
Event: 848.140 Thread 0x0000021fa7151090 flushing  nmethod 0x0000021f98628790
Event: 848.140 Thread 0x0000021fa7151090 flushing  nmethod 0x0000021f9869c910
Event: 848.140 Thread 0x0000021fa7151090 flushing  nmethod 0x0000021f9869d290
Event: 848.140 Thread 0x0000021fa7151090 flushing  nmethod 0x0000021f9869e890
Event: 848.140 Thread 0x0000021fa7151090 flushing  nmethod 0x0000021f986a1890
Event: 848.140 Thread 0x0000021fa7151090 flushing  nmethod 0x0000021f986b0b90
Event: 848.140 Thread 0x0000021fa7151090 flushing  nmethod 0x0000021f986b3b90
Event: 848.140 Thread 0x0000021fa7151090 flushing  nmethod 0x0000021f986fc510
Event: 848.140 Thread 0x0000021fa7151090 flushing  nmethod 0x0000021f98734110
Event: 848.140 Thread 0x0000021fa7151090 flushing osr nmethod 0x0000021f98a22a10

Events (20 events):
Event: 1145.621 Thread 0x0000021f91ed8b40 Thread added: 0x0000021fee69f3a0
Event: 1145.622 Thread 0x0000021fee69d2d0 Thread added: 0x0000021fee699130
Event: 1147.616 Thread 0x0000021fee699130 Thread added: 0x0000021fee6a0750
Event: 1147.629 Thread 0x0000021fee6a0750 Thread exited: 0x0000021fee6a0750
Event: 1147.631 Thread 0x0000021f91ed8b40 Thread added: 0x0000021fee6a0750
Event: 1147.631 Thread 0x0000021f91ed8b40 Thread added: 0x0000021fee235aa0
Event: 1147.634 Thread 0x0000021fee6a0750 Thread added: 0x0000021feec32060
Event: 1147.639 Thread 0x0000021feec32060 Thread added: 0x0000021fee6571f0
Event: 1147.644 Thread 0x0000021fee6a0750 Thread added: 0x0000021feda8cfa0
Event: 1147.644 Thread 0x0000021fee6571f0 Thread exited: 0x0000021fee6571f0
Event: 1147.648 Thread 0x0000021feda8cfa0 Thread added: 0x0000021feda8f700
Event: 1147.657 Thread 0x0000021feda8f700 Thread exited: 0x0000021feda8f700
Event: 1147.664 Thread 0x0000021fee69d2d0 Thread added: 0x0000021feda8d630
Event: 1147.809 Thread 0x0000021feda8d630 Thread added: 0x0000021feda93f30
Event: 1147.812 Thread 0x0000021feda93f30 Thread exited: 0x0000021feda93f30
Event: 1148.098 Thread 0x0000021fee69f3a0 Thread added: 0x0000021feda917d0
Event: 1148.103 Thread 0x0000021feda917d0 Thread exited: 0x0000021feda917d0
Event: 1148.113 Thread 0x0000021fee699130 Thread added: 0x0000021feda924f0
Event: 1148.122 Thread 0x0000021feda924f0 Thread exited: 0x0000021feda924f0
Event: 1148.177 Thread 0x0000021fedf45880 Thread exited: 0x0000021fedf45880


Dynamic libraries:
0x00007ff75c270000 - 0x00007ff75c27e000 	C:\Users\userdev13\.p2\pool\plugins\org.eclipse.justj.openjdk.hotspot.jre.full.win32.x86_64_21.0.6.v20250130-0529\jre\bin\javaw.exe
0x00007ffbe5c50000 - 0x00007ffbe5e1f000 	C:\Windows\SYSTEM32\ntdll.dll
0x00007ffbe4e70000 - 0x00007ffbe4f1d000 	C:\Windows\System32\KERNEL32.DLL
0x00007ffbe21c0000 - 0x00007ffbe23de000 	C:\Windows\System32\KERNELBASE.dll
0x00007ffbe2df0000 - 0x00007ffbe2ee4000 	C:\Windows\System32\ucrtbase.dll
0x00007ffbd91d0000 - 0x00007ffbd91e8000 	C:\Users\userdev13\.p2\pool\plugins\org.eclipse.justj.openjdk.hotspot.jre.full.win32.x86_64_21.0.6.v20250130-0529\jre\bin\jli.dll
0x00007ffbe57e0000 - 0x00007ffbe5946000 	C:\Windows\System32\USER32.dll
0x00007ffbe2f50000 - 0x00007ffbe2f6e000 	C:\Windows\System32\win32u.dll
0x00007ffbe5a20000 - 0x00007ffbe5a54000 	C:\Windows\System32\GDI32.dll
0x00007ffbe23e0000 - 0x00007ffbe2564000 	C:\Windows\System32\gdi32full.dll
0x00007ffb60280000 - 0x00007ffb6029e000 	C:\Users\userdev13\.p2\pool\plugins\org.eclipse.justj.openjdk.hotspot.jre.full.win32.x86_64_21.0.6.v20250130-0529\jre\bin\VCRUNTIME140.dll
0x00007ffbd9710000 - 0x00007ffbd998a000 	C:\Windows\WinSxS\amd64_microsoft.windows.common-controls_6595b64144ccf1df_6.0.14393.7330_none_7dde8d868343775b\COMCTL32.dll
0x00007ffbe5bb0000 - 0x00007ffbe5c4e000 	C:\Windows\System32\msvcrt.dll
0x00007ffbe5510000 - 0x00007ffbe57d7000 	C:\Windows\System32\combase.dll
0x00007ffbe4b90000 - 0x00007ffbe4cab000 	C:\Windows\System32\RPCRT4.dll
0x00007ffbe3180000 - 0x00007ffbe31ec000 	C:\Windows\System32\bcryptPrimitives.dll
0x00007ffbe54e0000 - 0x00007ffbe550e000 	C:\Windows\System32\IMM32.DLL
0x00007ffbd91c0000 - 0x00007ffbd91cc000 	C:\Users\userdev13\.p2\pool\plugins\org.eclipse.justj.openjdk.hotspot.jre.full.win32.x86_64_21.0.6.v20250130-0529\jre\bin\vcruntime140_1.dll
0x00007ffb5fbd0000 - 0x00007ffb5fc5d000 	C:\Users\userdev13\.p2\pool\plugins\org.eclipse.justj.openjdk.hotspot.jre.full.win32.x86_64_21.0.6.v20250130-0529\jre\bin\msvcp140.dll
0x00007ffb51140000 - 0x00007ffb51ed0000 	C:\Users\userdev13\.p2\pool\plugins\org.eclipse.justj.openjdk.hotspot.jre.full.win32.x86_64_21.0.6.v20250130-0529\jre\bin\server\jvm.dll
0x00007ffbe4760000 - 0x00007ffbe4808000 	C:\Windows\System32\ADVAPI32.dll
0x00007ffbe5ad0000 - 0x00007ffbe5b2d000 	C:\Windows\System32\sechost.dll
0x00007ffbe20e0000 - 0x00007ffbe210b000 	C:\Windows\System32\bcrypt.dll
0x00007ffbe2090000 - 0x00007ffbe20dc000 	C:\Windows\System32\POWRPROF.dll
0x00007ffbe5b30000 - 0x00007ffbe5b9a000 	C:\Windows\System32\WS2_32.dll
0x00007ffbe03f0000 - 0x00007ffbe0413000 	C:\Windows\SYSTEM32\WINMM.dll
0x00007ffbd9990000 - 0x00007ffbd999a000 	C:\Windows\SYSTEM32\VERSION.dll
0x00007ffbe0390000 - 0x00007ffbe03bb000 	C:\Windows\SYSTEM32\WINMMBASE.dll
0x00007ffbe26c0000 - 0x00007ffbe2702000 	C:\Windows\System32\cfgmgr32.dll
0x00007ffbe2050000 - 0x00007ffbe205f000 	C:\Windows\System32\kernel.appcore.dll
0x00007ffbdaa90000 - 0x00007ffbdaa9a000 	C:\Users\userdev13\.p2\pool\plugins\org.eclipse.justj.openjdk.hotspot.jre.full.win32.x86_64_21.0.6.v20250130-0529\jre\bin\jimage.dll
0x00007ffbd9c10000 - 0x00007ffbd9da2000 	C:\Windows\SYSTEM32\DBGHELP.DLL
0x00007ffbd56f0000 - 0x00007ffbd5719000 	C:\Windows\SYSTEM32\dbgcore.DLL
0x00007ffbda840000 - 0x00007ffbda85f000 	C:\Users\userdev13\.p2\pool\plugins\org.eclipse.justj.openjdk.hotspot.jre.full.win32.x86_64_21.0.6.v20250130-0529\jre\bin\java.dll
0x00007ffbe3250000 - 0x00007ffbe4756000 	C:\Windows\System32\SHELL32.dll
0x00007ffbe2710000 - 0x00007ffbe2de4000 	C:\Windows\System32\windows.storage.dll
0x00007ffbe59c0000 - 0x00007ffbe5a12000 	C:\Windows\System32\shlwapi.dll
0x00007ffbe2610000 - 0x00007ffbe26b8000 	C:\Windows\System32\shcore.dll
0x00007ffbe2060000 - 0x00007ffbe2074000 	C:\Windows\System32\profapi.dll
0x00007ffbda4a0000 - 0x00007ffbda4b8000 	C:\Users\userdev13\.p2\pool\plugins\org.eclipse.justj.openjdk.hotspot.jre.full.win32.x86_64_21.0.6.v20250130-0529\jre\bin\zip.dll
0x00007ffbdaa80000 - 0x00007ffbdaa90000 	C:\Users\userdev13\.p2\pool\plugins\org.eclipse.justj.openjdk.hotspot.jre.full.win32.x86_64_21.0.6.v20250130-0529\jre\bin\net.dll
0x00007ffbdc0c0000 - 0x00007ffbdc18d000 	C:\Windows\SYSTEM32\WINHTTP.dll
0x00007ffbe1930000 - 0x00007ffbe198d000 	C:\Windows\system32\mswsock.dll
0x00007ffbda330000 - 0x00007ffbda346000 	C:\Users\userdev13\.p2\pool\plugins\org.eclipse.justj.openjdk.hotspot.jre.full.win32.x86_64_21.0.6.v20250130-0529\jre\bin\nio.dll
0x00007ffbe1660000 - 0x00007ffbe1698000 	C:\Windows\SYSTEM32\IPHLPAPI.DLL
0x00007ffbe59b0000 - 0x00007ffbe59b8000 	C:\Windows\System32\NSI.dll
0x00007ffbdb170000 - 0x00007ffbdb179000 	C:\Users\userdev13\.p2\pool\plugins\org.eclipse.justj.openjdk.hotspot.jre.full.win32.x86_64_21.0.6.v20250130-0529\jre\bin\extnet.dll
0x00007ffbdd510000 - 0x00007ffbdd520000 	C:\Users\userdev13\.p2\pool\plugins\org.eclipse.justj.openjdk.hotspot.jre.full.win32.x86_64_21.0.6.v20250130-0529\jre\bin\verify.dll
0x00007ffbe1af0000 - 0x00007ffbe1b07000 	C:\Windows\SYSTEM32\CRYPTSP.dll
0x00007ffbe14a0000 - 0x00007ffbe14d3000 	C:\Windows\system32\rsaenh.dll
0x00007ffbe1760000 - 0x00007ffbe1780000 	C:\Windows\SYSTEM32\USERENV.dll
0x00007ffbe1ae0000 - 0x00007ffbe1aeb000 	C:\Windows\SYSTEM32\CRYPTBASE.dll
0x00007ffbe16a0000 - 0x00007ffbe1742000 	C:\Windows\SYSTEM32\DNSAPI.dll
0x00007ffbda490000 - 0x00007ffbda49a000 	C:\Windows\System32\rasadhlp.dll
0x00007ffbdafd0000 - 0x00007ffbdb03a000 	C:\Windows\System32\fwpuclnt.dll
0x00007ffbdc0a0000 - 0x00007ffbdc0ae000 	C:\Users\userdev13\.p2\pool\plugins\org.eclipse.justj.openjdk.hotspot.jre.full.win32.x86_64_21.0.6.v20250130-0529\jre\bin\sunmscapi.dll
0x00007ffbe2f70000 - 0x00007ffbe317d000 	C:\Windows\System32\CRYPT32.dll
0x00007ffbe2080000 - 0x00007ffbe2090000 	C:\Windows\System32\MSASN1.dll
0x00007ffbe1bc0000 - 0x00007ffbe1be6000 	C:\Windows\SYSTEM32\ncrypt.dll
0x00007ffbe1b80000 - 0x00007ffbe1bbb000 	C:\Windows\SYSTEM32\NTASN1.dll
0x00007ffb56e50000 - 0x00007ffb56fde000 	C:\Users\userdev13\.p2\pool\plugins\org.eclipse.justj.openjdk.hotspot.jre.full.win32.x86_64_21.0.6.v20250130-0529\jre\bin\awt.dll
0x00007ffbe4db0000 - 0x00007ffbe4e70000 	C:\Windows\System32\OLEAUT32.dll
0x00007ffbe2570000 - 0x00007ffbe260c000 	C:\Windows\System32\msvcp_win.dll
0x00007ffbe04e0000 - 0x00007ffbe055a000 	C:\Windows\SYSTEM32\apphelp.dll
0x00007ffbe0330000 - 0x00007ffbe0356000 	C:\Windows\system32\DWMAPI.DLL
0x00007ffbe0860000 - 0x00007ffbe08f5000 	C:\Windows\system32\uxtheme.dll
0x00007ffb57c80000 - 0x00007ffb57da3000 	C:\Windows\system32\opengl32.dll
0x00007ffb56e20000 - 0x00007ffb56e4d000 	C:\Windows\SYSTEM32\GLU32.dll
0x00007ffb53510000 - 0x00007ffb53607000 	C:\Windows\SYSTEM32\DDRAW.dll
0x00007ffbd4dd0000 - 0x00007ffbd4dd8000 	C:\Windows\SYSTEM32\DCIMAN32.dll
0x00007ffbe5350000 - 0x00007ffbe54ab000 	C:\Windows\System32\MSCTF.dll
0x00007ffbe48b0000 - 0x00007ffbe49ea000 	C:\Windows\System32\ole32.dll
0x00007ffbd0e70000 - 0x00007ffbd0e86000 	C:\Windows\system32\napinsp.dll
0x00007ffbd4aa0000 - 0x00007ffbd4aae000 	C:\Windows\System32\winrnr.dll
0x00007ffbdb8d0000 - 0x00007ffbdb8e8000 	C:\Windows\system32\NLAapi.dll

dbghelp: loaded successfully - version: 4.0.5 - missing functions: none
symbol engine: initialized successfully - sym options: 0x614 - pdb path: .;C:\Users\userdev13\.p2\pool\plugins\org.eclipse.justj.openjdk.hotspot.jre.full.win32.x86_64_21.0.6.v20250130-0529\jre\bin;C:\Windows\SYSTEM32;C:\Windows\WinSxS\amd64_microsoft.windows.common-controls_6595b64144ccf1df_6.0.14393.7330_none_7dde8d868343775b;C:\Users\userdev13\.p2\pool\plugins\org.eclipse.justj.openjdk.hotspot.jre.full.win32.x86_64_21.0.6.v20250130-0529\jre\bin\server

VM Arguments:
jvm_args: -ea -Dfile.encoding=UTF-8 -Dstdout.encoding=UTF-8 -Dstderr.encoding=UTF-8 -XX:+ShowCodeDetailsInExceptionMessages 
java_command: org.eclipse.jdt.internal.junit.runner.RemoteTestRunner -version 3 -port 58393 -testLoaderClass org.eclipse.jdt.internal.junit4.runner.JUnit4TestLoader -loaderpluginname org.eclipse.jdt.junit4.runtime -classNames StepDefinitions.TestRunner
java_class_path (initial): C:\Settlement_Engine_BDD\Settlement_Engine_BDD\target\test-classes;C:\Settlement_Engine_BDD\Settlement_Engine_BDD\target\classes;C:\Users\userdev13\.p2\pool\plugins\org.junit_4.13.2.v20240929-1000.jar;C:\Users\userdev13\.p2\pool\plugins\org.hamcrest_3.0.0.jar;C:\Users\userdev13\.m2\repository\org\seleniumhq\selenium\selenium-java\4.16.1\selenium-java-4.16.1.jar;C:\Users\userdev13\.m2\repository\org\seleniumhq\selenium\selenium-api\4.16.1\selenium-api-4.16.1.jar;C:\Users\userdev13\.m2\repository\org\seleniumhq\selenium\selenium-chrome-driver\4.16.1\selenium-chrome-driver-4.16.1.jar;C:\Users\userdev13\.m2\repository\com\google\auto\service\auto-service-annotations\1.1.1\auto-service-annotations-1.1.1.jar;C:\Users\userdev13\.m2\repository\org\seleniumhq\selenium\selenium-chromium-driver\4.16.1\selenium-chromium-driver-4.16.1.jar;C:\Users\userdev13\.m2\repository\org\seleniumhq\selenium\selenium-json\4.16.1\selenium-json-4.16.1.jar;C:\Users\userdev13\.m2\repository\org\seleniumhq\selenium\selenium-manager\4.16.1\selenium-manager-4.16.1.jar;C:\Users\userdev13\.m2\repository\org\seleniumhq\selenium\selenium-devtools-v118\4.16.1\selenium-devtools-v118-4.16.1.jar;C:\Users\userdev13\.m2\repository\org\seleniumhq\selenium\selenium-devtools-v119\4.16.1\selenium-devtools-v119-4.16.1.jar;C:\Users\userdev13\.m2\repository\org\seleniumhq\selenium\selenium-devtools-v120\4.16.1\selenium-devtools-v120-4.16.1.jar;C:\Users\userdev13\.m2\repository\org\seleniumhq\selenium\selenium-devtools-v85\4.16.1\selenium-devtools-v85-4.16.1.jar;C:\Users\userdev13\.m2\repository\org\seleniumhq\selenium\selenium-edge-driver\4.16.1\selenium-edge-driver-4.16.1.jar;C:\Users\userdev13\.m2\repository\org\seleniumhq\selenium\selenium-firefox-driver\4.16.1\selenium-firefox-driver-4.16.1.jar;C:\Users\userdev13\.m2\repository\org\seleniumhq\selenium\selenium-http\4.16.1\selenium-http-4.16.1.jar;C:\Users\userdev13\.m2\repository\dev\failsafe\failsafe\3.3.2\failsafe-3.3.2.jar;C:\Users\userdev13\.m2\repository\org\seleniumhq\selenium\selenium-ie-driver\4.16.1\selenium-ie-driver-4.16.1.jar;C:\Users\userdev13\.m2\repository\org\seleniumhq\selenium\selenium-remote-driver\4.16.1\selenium-remote-driver-4.16.1.jar;C:\Users\userdev13\.m2\repository\com\google\guava\guava\32.1.2-jre\guava-32.1.2-jre.jar;C:\Users\userdev13\.m2\repository\com\google\guava\failureaccess\1.0.1\failureaccess-1.0.1.jar;C:\Users\userdev13\.m2\repository\com\google\guava\listenablefuture\9999.0-empty-to-avoid-conflict-with-guava\listenablefuture-9999.0-empty-to-avoid-conflict-with-guava.jar;C:\Users\userdev13\.m2\repository\com\google\code\findbugs\jsr305\3.0.2\jsr305-3.0.2.jar;C:\Users\userdev13\.m2\repository\org\checkerframework\checker-qual\3.33.0\checker-qual-3.33.0.jar;C:\Users\userdev13\.m2\repository\com\google\errorprone\error_prone_annotations\2.18.0\error_prone_annotations-2.18.0.jar;C:\Users\userdev13\.m2\repository\com\google\j2objc\j2objc-annotations\2.8\j2objc-annotations-2.8.jar;C:\Users\userdev13\.m2\repository\io\opentelemetry\opentelemetry-api\1.28.0\opentelemetry-api-1.28.0.jar;C:\Users\userdev13\.m2\repository\io\opentelemetry\opentelemetry-context\1.28.0\opentelemetry-context-1.28.0.jar;C:\Users\userdev13\.m2\repository\io\opentelemetry\opentelemetry-exporter-logging\1.28.0\opentelemetry-exporter-logging-1.28.0.jar;C:\Users\userdev13\.m2\repository\io\opentelemetry\opentelemetry-sdk-metrics\1.28.0\opentelemetry-sdk-metrics-1.28.0.jar;C:\Users\userdev13\.m2\repository\io\opentelemetry\opentelemetry-extension-incubator\1.28.0-alpha\opentelemetry-extension-incubator-1.28.0-alpha.jar;C:\Users\userdev13\.m2\repository\io\opentelemetry\opentelemetry-sdk-logs\1.28.0\opentelemetry-sdk-logs-1.28.0.jar;C:\Users\userdev13\.m2\repository\io\opentelemetry\opentelemetry-sdk-common\1.28.0\opentelemetry-sdk-common-1.28.0.jar;C:\Users\userdev13\.m2\repository\io\opentelemetry\opentelemetry-sdk-extension-autoconfigure-spi\1.28.0\opentelemetry-sdk-extension-autoconfigure-spi-1.28.0.jar;C:\Users\userdev13\.m2\repository\io\opentelemetry\opentelemetry-sdk-extension-autoconfigure\1.28.0\opentelemetry-sdk-extension-autoconfigure-1.28.0.jar;C:\Users\userdev13\.m2\repository\io\opentelemetry\opentelemetry-api-events\1.28.0-alpha\opentelemetry-api-events-1.28.0-alpha.jar;C:\Users\userdev13\.m2\repository\io\opentelemetry\opentelemetry-sdk-trace\1.28.0\opentelemetry-sdk-trace-1.28.0.jar;C:\Users\userdev13\.m2\repository\io\opentelemetry\opentelemetry-sdk\1.28.0\opentelemetry-sdk-1.28.0.jar;C:\Users\userdev13\.m2\repository\io\opentelemetry\opentelemetry-semconv\1.28.0-alpha\opentelemetry-semconv-1.28.0-alpha.jar;C:\Users\userdev13\.m2\repository\net\bytebuddy\byte-buddy\1.14.5\byte-buddy-1.14.5.jar;C:\Users\userdev13\.m2\repository\org\seleniumhq\selenium\selenium-os\4.16.1\selenium-os-4.16.1.jar;C:\Users\userdev13\.m2\repository\org\apache\commons\commons-exec\1.3\commons-exec-1.3.jar;C:\Users\userdev13\.m2\repository\org\seleniumhq\selenium\selenium-safari-driver\4.16.1\selenium-safari-driver-4.16.1.jar;C:\Users\userdev13\.m2\repository\org\seleniumhq\selenium\selenium-support\4.16.1\selenium-support-4.16.1.jar;C:\Users\userdev13\.m2\repository\io\cucumber\cucumber-java\7.21.1\cucumber-java-7.21.1.jar;C:\Users\userdev13\.m2\repository\io\cucumber\cucumber-core\7.21.1\cucumber-core-7.21.1.jar;C:\Users\userdev13\.m2\repository\io\cucumber\cucumber-gherkin\7.21.1\cucumber-gherkin-7.21.1.jar;C:\Users\userdev13\.m2\repository\io\cucumber\cucumber-gherkin-messages\7.21.1\cucumber-gherkin-messages-7.21.1.jar;C:\Users\userdev13\.m2\repository\io\cucumber\gherkin\31.0.0\gherkin-31.0.0.jar;C:\Users\userdev13\.m2\repository\io\cucumber\messages\27.2.0\messages-27.2.0.jar;C:\Users\userdev13\.m2\repository\io\cucumber\testng-xml-formatter\0.3.1\testng-xml-formatter-0.3.1.jar;C:\Users\userdev13\.m2\repository\io\cucumber\query\13.2.0\query-13.2.0.jar;C:\Users\userdev13\.m2\repository\io\cucumber\tag-expressions\6.1.2\tag-expressions-6.1.2.jar;C:\Users\userdev13\.m2\repository\io\cucumber\cucumber-expressions\18.0.1\cucumber-expressions-18.0.1.jar;C:\Users\userdev13\.m2\repository\io\cucumber\datatable\7.21.1\datatable-7.21.1.jar;C:\Users\userdev13\.m2\repository\io\cucumber\cucumber-plugin\7.21.1\cucumber-plugin-7.21.1.jar;C:\Users\userdev13\.m2\repository\io\cucumber\docstring\7.21.1\docstring-7.21.1.jar;C:\Users\userdev13\.m2\repository\io\cucumber\html-formatter\21.9.0\html-formatter-21.9.0.jar;C:\Users\userdev13\.m2\repository\io\cucumber\junit-xml-formatter\0.7.1\junit-xml-formatter-0.7.1.jar;C:\Users\userdev13\.m2\repository\io\cucumber\ci-environment\10.0.1\ci-environment-10.0.1.jar;C:\Users\userdev13\.m2\repository\org\apiguardian\apiguardian-api\1.1.2\apiguardian-api-1.1.2.jar;C:\Users\userdev13\.m2\repository\org\slf4j\slf4j-simple\2.0.9\slf4j-simple-2.0.9.jar;C:\Users\userdev13\.m2\repository\org\slf4j\slf4j-api\2.0.9\slf4j-api-2.0.9.jar;C:\Users\userdev13\.m2\repository\org\testng\testng\7.7.1\testng-7.7.1.jar;C:\Users\userdev13\.m2\repository\com\beust\jcommander\1.82\jcommander-1.82.jar;C:\Users\userdev13\.m2\repository\org\webjars\jquery\3.6.1\jquery-3.6.1.jar;C:\Users\userdev13\.m2\repository\com\aventstack\extentreports\5.0.9\extentreports-5.0.9.jar;C:\Users\userdev13\.m2\repository\io\reactivex\rxjava3\rxjava\3.0.4\rxjava-3.0.4.jar;C:\Users\userdev13\.m2\repository\org\reactivestreams\reactive-streams\1.0.3\reactive-streams-1.0.3.jar;C:\Users\userdev13\.m2\repository\org\freemarker\freemarker\2.3.30\freemarker-2.3.30.jar;C:\Users\userdev13\.m2\repository\org\projectlombok\lombok\1.18.12\lombok-1.18.12.jar;C:\Users\userdev13\.m2\repository\com\google\code\gson\gson\2.8.6\gson-2.8.6.jar;C:\Users\userdev13\.m2\repository\junit\junit\4.13.2\junit-4.13.2.jar;C:\Users\userdev13\.m2\repository\org\hamcrest\hamcrest-core\1.3\hamcrest-core-1.3.jar;C:\Users\userdev13\.m2\repository\io\cucumber\cucumber-junit\7.21.1\cucumber-junit-7.21.1.jar;C:\Users\userdev13\.m2\repository\io\github\bonigarcia\webdrivermanager\6.0.0\webdrivermanager-6.0.0.jar;C:\Users\userdev13\.m2\repository\com\github\docker-java\docker-java\3.4.2\docker-java-3.4.2.jar;C:\Users\userdev13\.m2\repository\com\github\docker-java\docker-java-core\3.4.2\docker-java-core-3.4.2.jar;C:\Users\userdev13\.m2\repository\com\github\docker-java\docker-java-api\3.4.2\docker-java-api-3.4.2.jar;C:\Users\userdev13\.m2\repository\com\fasterxml\jackson\core\jackson-annotations\2.10.3\jackson-annotations-2.10.3.jar;C:\Users\userdev13\.m2\repository\com\fasterxml\jackson\core\jackson-databind\2.10.3\jackson-databind-2.10.3.jar;C:\Users\userdev13\.m2\repository\com\fasterxml\jackson\core\jackson-core\2.10.3\jackson-core-2.10.3.jar;C:\Users\userdev13\.m2\repository\org\slf4j\jcl-over-slf4j\1.7.30\jcl-over-slf4j-1.7.30.jar;C:\Users\userdev13\.m2\repository\com\github\docker-java\docker-java-transport-httpclient5\3.4.2\docker-java-transport-httpclient5-3.4.2.jar;C:\Users\userdev13\.m2\repository\com\github\docker-java\docker-java-transport\3.4.2\docker-java-transport-3.4.2.jar;C:\Users\userdev13\.m2\repository\net\java\dev\jna\jna\5.13.0\jna-5.13.0.jar;C:\Users\userdev13\.m2\repository\org\brotli\dec\0.1.2\dec-0.1.2.jar;C:\Users\userdev13\.m2\repository\org\apache\commons\commons-lang3\3.17.0\commons-lang3-3.17.0.jar;C:\Users\userdev13\.m2\repository\org\apache\commons\commons-compress\1.27.1\commons-compress-1.27.1.jar;C:\Users\userdev13\.m2\repository\commons-codec\commons-codec\1.17.1\commons-codec-1.17.1.jar;C:\Users\userdev13\.m2\repository\commons-io\commons-io\2.16.1\commons-io-2.16.1.jar;C:\Users\userdev13\.m2\repository\org\apache\httpcomponents\client5\httpclient5\5.2.1\httpclient5-5.2.1.jar;C:\Users\userdev13\.m2\repository\org\apache\httpcomponents\core5\httpcore5\5.2\httpcore5-5.2.jar;C:\Users\userdev13\.m2\repository\org\apache\httpcomponents\core5\httpcore5-h2\5.2\httpcore5-h2-5.2.jar;C:\Users\userdev13\eclipse\java-2025-03\eclipse\configuration\org.eclipse.osgi\247\0\.cp;C:\Users\userdev13\eclipse\java-2025-03\eclipse\configuration\org.eclipse.osgi\246\0\.cp
Launcher Type: SUN_STANDARD

[Global flags]
     intx CICompilerCount                          = 2                                         {product} {ergonomic}
   size_t InitialHeapSize                          = 201326592                                 {product} {ergonomic}
   size_t MaxHeapSize                              = 3208642560                                {product} {ergonomic}
   size_t MaxNewSize                               = 1069547520                                {product} {ergonomic}
   size_t MinHeapDeltaBytes                        = 196608                                    {product} {ergonomic}
   size_t MinHeapSize                              = 8388608                                   {product} {ergonomic}
   size_t NewSize                                  = 67108864                                  {product} {ergonomic}
    uintx NonNMethodCodeHeapSize                   = 5826188                                {pd product} {ergonomic}
    uintx NonProfiledCodeHeapSize                  = 122916026                              {pd product} {ergonomic}
   size_t OldSize                                  = 134217728                                 {product} {ergonomic}
    uintx ProfiledCodeHeapSize                     = 122916026                              {pd product} {ergonomic}
    uintx ReservedCodeCacheSize                    = 251658240                              {pd product} {ergonomic}
     bool SegmentedCodeCache                       = true                                      {product} {ergonomic}
     bool ShowCodeDetailsInExceptionMessages       = true                                   {manageable} {command line}
   size_t SoftMaxHeapSize                          = 3208642560                             {manageable} {ergonomic}
     bool UseCompressedOops                        = true                           {product lp64_product} {ergonomic}
     bool UseLargePagesIndividualAllocation        = false                                  {pd product} {ergonomic}
     bool UseSerialGC                              = true                                      {product} {ergonomic}

Logging:
Log output configuration:
 #0: stdout all=warning uptime,level,tags foldmultilines=false
 #1: stderr all=off uptime,level,tags foldmultilines=false

Environment Variables:
JAVA_HOME=C:\Program Files\Java\jdk-24
PATH=C:/Users/userdev13/.p2/pool/plugins/org.eclipse.justj.openjdk.hotspot.jre.full.win32.x86_64_21.0.6.v20250130-0529/jre/bin/server;C:/Users/userdev13/.p2/pool/plugins/org.eclipse.justj.openjdk.hotspot.jre.full.win32.x86_64_21.0.6.v20250130-0529/jre/bin;C:\Program Files\Common Files\Oracle\Java\javapath;C:\Program Files\Microsoft SDKs\Azure\CLI2\wbin;C:\Windows\system32;C:\Windows;C:\Windows\System32\Wbem;C:\Windows\System32\WindowsPowerShell\v1.0\;C:\Program Files\Git\cmd;C:\Program Files\nodejs\;C:\Program Files\Java\jdk-24\bin;C:\Program Files\Java\jdk-24\bin;C:\Users\userdev13\Downloads\apache-maven-3.9.9-bin\apache-maven-3.9.9\bin;C:\Program Files\dotnet\;C:\Users\userdev13\AppData\Local\Microsoft\WindowsApps;C:\Users\userdev13\.dotnet\tools;C:\Users\userdev13\AppData\Roaming\npm;C:\Users\userdev13\AppData\Local\GitHubDesktop\bin;C:\Users\userdev13\Desktop;
USERNAME=userdev13
OS=Windows_NT
PROCESSOR_IDENTIFIER=Intel64 Family 6 Model 106 Stepping 6, GenuineIntel
TMP=C:\Users\USERDE~1\AppData\Local\Temp\2
TEMP=C:\Users\USERDE~1\AppData\Local\Temp\2




Periodic native trim disabled

---------------  S Y S T E M  ---------------

OS:
 Windows Server 2016 , 64 bit Build 14393 (10.0.14393.7962)
OS uptime: 4 days 22:54 hours
Hyper-V virtualization detected

CPU: total 1 (initial active 1) (1 cores per cpu, 1 threads per core) family 6 model 106 stepping 6 microcode 0xffffffff, cx8, cmov, fxsr, mmx, 3dnowpref, sse, sse2, sse3, ssse3, sse4.1, sse4.2, popcnt, lzcnt, tsc, tscinvbit, avx, avx2, aes, erms, clmul, bmi1, bmi2, rtm, adx, avx512f, avx512dq, avx512cd, avx512bw, avx512vl, sha, fma, vzeroupper, avx512_vpopcntdq, avx512_vpclmulqdq, avx512_vaes, avx512_vnni, clflush, clflushopt, clwb, avx512_vbmi2, avx512_vbmi, hv, rdtscp, rdpid, fsrm, gfni, avx512_bitalg, f16c, avx512_ifma
Processor Information for the first 1 processors :
  Max Mhz: 2793, Current Mhz: 2793, Mhz Limit: 2793

Memory: 4k page, system-wide physical 12236M (53M free)
TotalPageFile size 28422M (AvailPageFile size 4M)
current process WorkingSet (physical memory assigned to process): 200M, peak: 274M
current process commit charge ("private bytes"): 333M, peak: 337M

vm_info: OpenJDK 64-Bit Server VM (21.0.6+7-LTS) for windows-amd64 JRE (21.0.6+7-LTS), built on 2025-01-21T00:00:00Z by "admin" with MS VC++ 17.7 (VS2022)

END.
